snp	chrom	position	MAF	dmr_id	pvalues
rs3134932	chr6	32218370	0.5	dmr2244807	4.35035e-11
rs3131290	chr6	32215398	0.5	dmr2244807	1.2598e-10
rs3134797	chr6	32218273	0.5	dmr2244807	1.39967e-10
rs9279512	chr6	32218145	0.5	dmr2244807	1.64301e-10
rs422951	chr6	32220606	0.5	dmr2244807	2.48161e-10
rs444472	chr6	32218949	0.5	dmr2244807	3.17754e-10
rs3134799	chr6	32216444	0.5	dmr2244807	3.21577e-10
rs3131291	chr6	32216289	0.5	dmr2244807	3.36633e-10
rs394657	chr6	32219246	0.5	dmr2244807	6.65015e-10
rs3216791	chr6	32220059	0.5	dmr2244807	5.14304e-09
rs45855	chr6	32221704	0.5	dmr2244807	6.91422e-09
rs520803	chr6	32220826	0.5	dmr2244807	9.42139e-09
rs520688	chr6	32220865	0.5	dmr2244807	9.56203e-09
rs520692	chr6	32220863	0.5	dmr2244807	9.66638e-09
rs415929	chr6	32221255	0.5	dmr2244807	1.30066e-08
rs9267820	chr6	32197806	0.4995	dmr2244807	1.9511e-08
rs430916	chr6	32220322	0.5	dmr2244807	2.27922e-08
rs9267833	chr6	32210123	0.5	dmr2244807	2.33659e-08
rs429853	chr6	32219425	0.5	dmr2244807	2.40381e-08
rs9267823	chr6	32205461	0.5	dmr2244807	7.64862e-08
rs2071279	chr6	32197097	0.4995	dmr2244807	8.45194e-08
rs3131295	chr6	32205480	0.5	dmr2244807	1.02178e-07
rs2071277	chr6	32203906	0.5	dmr2244807	1.07759e-07
rs9267821	chr6	32201797	0.5	dmr2244807	1.12357e-07
rs9279507	chr6	32209893	0.5	dmr2244807	1.12654e-07
rs9267830	chr6	32209652	0.5	dmr2244807	1.31073e-07
rs2071286	chr6	32212119	0.5	dmr2244807	1.37767e-07
rs9267831	chr6	32209837	0.5	dmr2244807	1.44913e-07
rs9267832	chr6	32209848	0.5	dmr2244807	1.46559e-07
rs3130294	chr6	32210996	0.5	dmr2244807	2.07936e-07
rs35083974	chr6	32202687	0.5	dmr2244807	4.40785e-07
rs206017	chr6	32208434	0.5	dmr2244807	4.47725e-07
rs2071287	chr6	32202656	0.5	dmr2244807	4.48522e-07
rs3134939	chr6	32201844	0.5	dmr2244807	4.9509e-07
rs3130290	chr6	32207180	0.5	dmr2244807	6.81184e-07
rs2071280	chr6	32197092	0.4995	dmr2244807	7.44818e-07
rs3132942	chr6	32208735	0.5	dmr2244807	7.27042e-06
rs436388	chr6	32218487	0.5	dmr2244807	9.61531e-06
rs186990718	chr6	32154084	0.5	dmr2244807	1.79212e-05
rs149761816	chr6	32203284	0.5	dmr2244807	1.86368e-05
rs377352892	chr6	32207804	0.5	dmr2244807	1.86368e-05
rs192215514	chr6	32103662	0.5	dmr2244807	1.86601e-05
rs148048257	chr6	32113677	0.5	dmr2244807	1.86601e-05
rs145598128	chr6	32056277	0.5	dmr2244807	1.88572e-05
rs181275781	chr6	32091203	0.5	dmr2244807	2.02273e-05
.	chr6	32209894	0.25	dmr2244807	2.26145e-05
rs431722	chr6	32219945	0.5	dmr2244807	2.74239e-05
rs151138218	chr6	32164014	0.4885	dmr2244807	6.64349e-05
rs143118560	chr6	32184478	0.4885	dmr2244807	7.38109e-05
rs429150	chr6	32107786	0.5	dmr2244807	0.00012063
rs117444452	chr6	32395768	0.255	dmr2244807	0.000143873
rs2269426	chr6	32108722	0.5	dmr2244807	0.000172138
rs41291794	chr6	32457985	0.4995	dmr2244807	0.000297105
rs139395255	chr6	31481959	0.447	dmr2244807	0.00030868
rs45519735	chr6	31507278	0.448	dmr2244807	0.000353936
rs191346397	chr6	31505213	0.4585	dmr2244807	0.000356636
rs114833491	chr6	32995922	0.316	dmr2244807	0.000361474
rs149017575	chr6	31889353	0.488	dmr2244807	0.000413971
rs204893	chr6	32126816	0.5	dmr2244807	0.000457482
rs56125791	chr6	32206966	0.5	dmr2244807	0.0005635
rs189191783	chr6	33129394	0.499	dmr2244807	0.00105888
rs140689601	chr6	31607525	0.4855	dmr2244807	0.00110122
rs149384831	chr6	31896633	0.459	dmr2244807	0.00110122
rs771591335	chr6	31902401	0.459	dmr2244807	0.00121503
rs17200782	chr6	31586224	0.5	dmr2244807	0.00128546
rs5875346	chr6	32133291	0.4995	dmr2244807	0.00137268
rs373469405	chr6	33115401	0.2955	dmr2244807	0.00137506
rs113765334	chr6	33116845	0.2955	dmr2244807	0.00139519
rs112661534	chr6	33117701	0.2955	dmr2244807	0.00139519
rs28745897	chr6	31749289	0.387	dmr2244807	0.00141413
rs2269423	chr6	32177930	0.223	dmr2244807	0.00142225
rs9268831	chr6	32459971	0.495	dmr2244807	0.00166154
rs111664049	chr6	32422353	0.3375	dmr2244807	0.00173762
rs111255178	chr6	32453166	0.4995	dmr2244807	0.0017544
rs115031956	chr6	33099050	0.2935	dmr2244807	0.00188287
rs148800202	chr6	33056282	0.5	dmr2244807	0.00193692
rs112336504	chr6	32450156	0.4995	dmr2244807	0.00200162
rs55928678	chr6	33162001	0.3255	dmr2244807	0.00206903
rs6909607	chr6	32335895	0.499	dmr2244807	0.00209325
rs114991414	chr6	33091010	0.2935	dmr2244807	0.00216257
rs112162078	chr6	32422844	0.5	dmr2244807	0.0021713
rs140667220	chr6	33100595	0.2935	dmr2244807	0.00223857
rs17201144	chr6	31762791	0.396	dmr2244807	0.00231082
rs9268804	chr6	32455578	0.4975	dmr2244807	0.00237481
rs17221234	chr6	33105659	0.259	dmr2244807	0.00239075
rs117135583	chr6	32302824	0.5	dmr2244807	0.00244079
rs2256594	chr6	32219095	0.5	dmr2244807	0.00249777
rs143325653	chr6	32414495	0.014	dmr2244807	0.00260858
rs143201195	chr6	32742396	0.4835	dmr2244807	0.00266866
rs1061808	chr6	32168770	0.375	dmr2244807	0.00273453
rs117786439	chr6	32267220	0.498	dmr2244807	0.00274666
rs147264757	chr6	32273297	0.5	dmr2244807	0.00276259
rs118020488	chr6	32288820	0.5	dmr2244807	0.00276259
rs117945795	chr6	32289985	0.5	dmr2244807	0.00276259
rs147210635	chr6	32260258	0.498	dmr2244807	0.0027631
rs115081558	chr6	32713495	0.269	dmr2244807	0.00276402
rs114213887	chr6	32713566	0.269	dmr2244807	0.00277229
rs9268544	chr6	32417676	0.0025	dmr2244807	0.0028482
rs3134950	chr6	32159700	0.375	dmr2244807	0.00285343
rs206018	chr6	32210103	0.5	dmr2244807	0.00286235
rs431541	chr6	32218416	0.5	dmr2244807	0.00287025
rs141346672	chr6	31975231	0.4585	dmr2244807	0.00288999
rs556136377	chr6	31976195	0.4585	dmr2244807	0.00289659
rs200169669	chr6	31976304	0.4585	dmr2244807	0.00289659
rs145887633	chr6	32993019	0.5	dmr2244807	0.00290525
rs3132934	chr6	32199232	0.5	dmr2244807	0.00294024
rs147973727	chr6	31979366	0.4585	dmr2244807	0.00294171
rs17220493	chr6	32977320	0.5	dmr2244807	0.00297293
rs73390300	chr6	31365751	0.2785	dmr2244807	0.00302396
rs2395163	chr6	32420032	0.000499964	dmr2244807	0.00308703
rs575163467	chr6	32851705	0.278	dmr2244807	0.00311835
rs34757679	chr6	32419596	0.00300002	dmr2244807	0.00329057
rs28724897	chr6	32831380	0.5	dmr2244807	0.00332714
rs149808880	chr6	33123846	0.4995	dmr2244807	0.0033375
rs558415464	chr6	32846589	0.278	dmr2244807	0.00333975
rs9268830	chr6	32459795	0.5	dmr2244807	0.0033604
rs4355646	chr6	32418777	0.0025	dmr2244807	0.00356
rs78566116	chr6	32428369	0.5	dmr2244807	0.00362268
rs384247	chr6	32216797	0.5	dmr2244807	0.00387702
rs404860	chr6	32216568	0.5	dmr2244807	0.00391853
rs9268763	chr6	32450639	0.5	dmr2244807	0.00407137
rs715299	chr6	32222064	0.5	dmr2244807	0.00419562
rs4713506	chr6	32146203	0.5	dmr2244807	0.00420958
rs206014	chr6	32215924	0.5	dmr2244807	0.00425919
rs3819282	chr6	31355078	0.5	dmr2244807	0.0042592
rs9267806	chr6	32143109	0.5	dmr2244807	0.00426115
rs1265795	chr6	32216247	0.5	dmr2244807	0.0043464
rs187582489	chr6	32571776	0.272	dmr2244807	0.00438327
rs200039815	chr6	32781764	0.4275	dmr2244807	0.00443111
rs567208919	chr6	32281188	0.3125	dmr2244807	0.00458237
rs543658610	chr6	32289499	0.3125	dmr2244807	0.00458237
rs13437053	chr6	33019439	0.482	dmr2244807	0.00466434
rs13194642	chr6	32243918	0.5	dmr2244807	0.00474035
rs138586326	chr6	32835329	0.3395	dmr2244807	0.00495292
rs9268657	chr6	32441879	0.5	dmr2244807	0.00512242
rs115273954	chr6	32676939	0.339	dmr2244807	0.00521934
rs8111	chr6	32115398	0.5	dmr2244807	0.0052386
rs150948740	chr6	32676189	0.339	dmr2244807	0.00527136
rs72459742	chr6	31481440	0.472	dmr2244807	0.00537083
rs116039340	chr6	32882044	0.5	dmr2244807	0.00551672
rs188804041	chr6	32520259	0.3645	dmr2244807	0.00556903
rs192816692	chr6	32881584	0.4385	dmr2244807	0.00558056
rs114311872	chr6	32844959	0.4955	dmr2244807	0.00563175
rs114912314	chr6	32863181	0.5	dmr2244807	0.00571542
rs113194406	chr6	32872445	0.5	dmr2244807	0.0057256
rs115573843	chr6	32877073	0.5	dmr2244807	0.00574491
rs115361113	chr6	32218995	0.4605	dmr2244807	0.00575494
rs116239362	chr6	32209995	0.4605	dmr2244807	0.00577209
rs9268482	chr6	32400000	0.3345	dmr2244807	0.00577434
rs61729676	chr6	32202194	0.4605	dmr2244807	0.00578968
rs543097694	chr6	32857210	0.4395	dmr2244807	0.00581592
rs150773494	chr6	32862626	0.4385	dmr2244807	0.00581992
rs17202724	chr6	32430212	0.5	dmr2244807	0.00588889
rs112464670	chr6	32715241	0.2685	dmr2244807	0.00597137
rs116133554	chr6	32678854	0.346	dmr2244807	0.00597477
rs9276426	chr6	32743961	0.5	dmr2244807	0.00601415
rs9276415	chr6	32742918	0.5	dmr2244807	0.00601635
rs9267175	chr6	31481823	0.472	dmr2244807	0.00603098
rs10663707	chr6	32744844	0.5	dmr2244807	0.00604778
rs17213281	chr6	32745241	0.5	dmr2244807	0.00605262
rs202215811	chr6	31377080	0.0235	dmr2244807	0.00607608
rs9275601	chr6	32714887	0.488	dmr2244807	0.00608609
rs146346485	chr6	32296096	0.5	dmr2244807	0.00612025
rs9274663	chr6	32668744	0.5	dmr2244807	0.00626561
rs9276407	chr6	32742530	0.5	dmr2244807	0.00626949
rs9277927	chr6	33160618	0.5	dmr2244807	0.00627987
rs114565341	chr6	32210600	0.4605	dmr2244807	0.00640551
rs116811650	chr6	32939124	0.5	dmr2244807	0.00665096
rs184523838	chr6	31593084	0.5	dmr2244807	0.00666932
rs35604230	chr6	31800528	0.4925	dmr2244807	0.00667198
rs111518019	chr6	31361851	0.5	dmr2244807	0.00668938
rs13207465	chr6	31800278	0.4925	dmr2244807	0.00670878
rs146683910	chr6	31368220	0.5	dmr2244807	0.00672208
rs34038095	chr6	31773779	0.5	dmr2244807	0.00677538
rs9357138	chr6	32252061	0.4795	dmr2244807	0.00680506
rs1548306	chr6	32459402	0.000499964	dmr2244807	0.00681068
rs5875374	chr6	32459228	0.00749999	dmr2244807	0.0069632
rs28732208	chr6	32417342	0.46	dmr2244807	0.00706512
rs112515516	chr6	31361323	0.5	dmr2244807	0.00706558
rs76518703	chr6	31361689	0.5	dmr2244807	0.00719449
rs4321864	chr6	32431410	0.5	dmr2244807	0.00721619
rs9271270	chr6	32613092	0.3075	dmr2244807	0.00741768
rs577650925	chr6	32216036	0.5	dmr2244807	0.00742038
rs2395104	chr6	32216038	0.5	dmr2244807	0.00742038
rs41548215	chr6	31355128	0.4975	dmr2244807	0.00747518
rs41553914	chr6	31355809	0.4975	dmr2244807	0.00747518
rs114971774	chr6	32982099	0.5	dmr2244807	0.0075982
rs113857285	chr6	32368768	0.498	dmr2244807	0.00764426
rs144966791	chr6	31620505	0.308	dmr2244807	0.00764745
rs9271280	chr6	32613270	0.3075	dmr2244807	0.00774345
rs6902116	chr6	31332509	0.47	dmr2244807	0.00786641
rs35265780	chr6	31664144	0.5	dmr2244807	0.007974
rs182668009	chr6	32921518	0.2775	dmr2244807	0.00808753
rs528467330	chr6	32874752	0.278	dmr2244807	0.00811546
rs551003918	chr6	32882303	0.278	dmr2244807	0.00813703
rs142784966	chr6	31780333	0.5	dmr2244807	0.00814296
rs541651985	chr6	31713567	0.4	dmr2244807	0.00815634
rs146473586	chr6	31713003	0.4	dmr2244807	0.00817386
rs34378923	chr6	31815078	0.5	dmr2244807	0.00817751
rs535831353	chr6	31364715	0.432	dmr2244807	0.00822195
rs183968103	chr6	31693931	0.5	dmr2244807	0.00842348
rs183171137	chr6	31662000	0.5	dmr2244807	0.00847369
rs184522740	chr6	31665838	0.5	dmr2244807	0.00847369
rs185396626	chr6	31686477	0.5	dmr2244807	0.00847369
rs570837425	chr6	31460573	0.5	dmr2244807	0.00850339
rs144313549	chr6	31657411	0.5	dmr2244807	0.008534
rs144450017	chr6	31714396	0.4	dmr2244807	0.00854223
rs35003446	chr6	31475522	0.4855	dmr2244807	0.00855696
rs189206497	chr6	31903350	0.5	dmr2244807	0.00855696
rs185648378	chr6	31905241	0.5	dmr2244807	0.00855696
rs201624002	chr6	32084405	0.2765	dmr2244807	0.00860036
rs565964485	chr6	32090746	0.2765	dmr2244807	0.00860036
rs143420408	chr6	31698717	0.317	dmr2244807	0.00861774
rs9277334	chr6	33062335	0.5	dmr2244807	0.00863725
rs114902592	chr6	32189118	0.3335	dmr2244807	0.00875035
rs34809098	chr6	32669275	0.5	dmr2244807	0.00878361
rs571719939	chr6	31373623	0.5	dmr2244807	0.00879815
rs9271263	chr6	32612855	0.3075	dmr2244807	0.00880139
rs183155249	chr6	32957072	0.2815	dmr2244807	0.00885562
rs141868555	chr6	32941204	0.2815	dmr2244807	0.00887088
rs10456404	chr6	32245080	0.4875	dmr2244807	0.00889259
rs34876308	chr6	32669245	0.5	dmr2244807	0.00889373
rs17192932	chr6	31354352	0.499	dmr2244807	0.00891686
rs564050496	chr6	31263044	0.499	dmr2244807	0.0089491
rs571078004	chr6	32721017	0.5	dmr2244807	0.0089491
rs113523948	chr6	32695381	0.4015	dmr2244807	0.00896951
rs143881609	chr6	31762007	0.3925	dmr2244807	0.00900162
rs552368529	chr6	31780383	0.4055	dmr2244807	0.00907116
rs111233552	chr6	32710659	0.364	dmr2244807	0.00908848
rs13214722	chr6	32244791	0.499	dmr2244807	0.0090909
rs377473202	chr6	31345188	0.263	dmr2244807	0.00914044
rs149945939	chr6	31445935	0.5	dmr2244807	0.00918218
rs112884469	chr6	33151261	0.4475	dmr2244807	0.00920527
rs115913273	chr6	32214398	0.414	dmr2244807	0.00923249
rs535749800	chr6	32203988	0.4605	dmr2244807	0.00924443
rs115897807	chr6	32209113	0.4605	dmr2244807	0.00924443
rs115848506	chr6	31442035	0.4105	dmr2244807	0.00924874
rs9267176	chr6	31482053	0.472	dmr2244807	0.00925698
rs9469039	chr6	31711465	0.3105	dmr2244807	0.00936406
rs201964256	chr6	31440458	0.4765	dmr2244807	0.00948251
rs3096698	chr6	32139362	0.499	dmr2244807	0.00955079
rs3828893	chr6	31480876	0.472	dmr2244807	0.00962386
rs3749945	chr6	31481041	0.472	dmr2244807	0.00962953
rs113354454	chr6	32602293	0.345	dmr2244807	0.00963556
rs185514252	chr6	31752056	0.3925	dmr2244807	0.0097855
rs186946585	chr6	31467237	0.3555	dmr2244807	0.00988535
rs189740986	chr6	31624860	0.4905	dmr2244807	0.00994007
rs1132988	chr6	32846467	0.5	dmr2244807	0.00994286
rs9267803	chr6	32133985	0.5	dmr2244807	0.00994446
rs535440044	chr6	32715529	0.267	dmr2244807	0.00995003
