feature,DMR,pvalue,odds_ratio,effect_size,fdr,-log10(FDR),log2(odds_ratio)
H3K27ac_Monocyte,gDMR_B-Mem,0.008760147946959418,1.1155045411935083,0.009146475984264843,0.013180903722050394,1.8800548121969025,0.15769638677256761
H3K27ac_Monocyte,gDMR_B-Naive,3.702137490913146e-13,0.7085728696402576,0.03336095070832514,1.0970968418193835e-12,11.959755035131327,-0.49701186734360414
H3K27ac_Monocyte,gDMR_Monocyte,3.0250167484847065e-16,0.7456455925913517,0.023566934804924482,1.0209431526135885e-15,14.990998439297575,-0.4234380184326474
H3K27ac_Monocyte,gDMR_NK-cell1,0.3823219950238361,0.9580311088872175,0.003500726580105035,0.470401239447049,0.3275315426200454,-0.061855591422114095
H3K27ac_Monocyte,gDMR_NK-cell2,0.0001767243195044251,0.8497244743539163,0.014884503091060848,0.00031692996043967015,3.499036703572125,-0.23493297589756806
H3K27ac_Monocyte,gDMR_Tc-Mem,7.02361500107636e-21,1.2041591692825289,0.02004340663778677,2.7751844638399275e-20,19.556708144445714,0.2680261043543709
H3K27ac_Monocyte,gDMR_Tc-Naive,3.307646141635713e-54,0.6174043613718609,0.044202355288613895,2.143354699779942e-53,52.66890595242517,-0.695712420636412
H3K27ac_Monocyte,gDMR_Th-Mem,2.763498662331442e-07,0.8384612882145388,0.01401176899968416,6.160827293087526e-07,6.210360965644244,-0.25418391883795666
H3K27ac_Monocyte,gDMR_Th-Naive,1.4942679203797772e-127,0.4944987455030171,0.06322781381030187,2.2694194040767863e-126,100.0,-1.0159612338804722
H3K36me3_Monocyte,gDMR_B-Mem,2.6212587330005566e-58,1.6314229721289446,0.05617223590701103,1.7215293841057709e-57,56.7640855600949,0.7061308719832577
H3K36me3_Monocyte,gDMR_B-Naive,1.3862097027902242e-05,1.1714633708468076,0.019954209654493554,2.694791662224196e-05,4.569474805038976,0.22831184491908152
H3K36me3_Monocyte,gDMR_Monocyte,0.21939665837331382,1.0393013819696264,0.0035416302845784637,0.2831067208364364,0.5480498205411775,0.05561407505424881
H3K36me3_Monocyte,gDMR_NK-cell1,2.5902579734285906e-18,1.4230582148043511,0.03497450151480481,9.536858902168902e-18,17.02059464270506,0.5089946811839009
H3K36me3_Monocyte,gDMR_NK-cell2,1.0028209872309145e-10,1.250867055414458,0.025665866870335896,2.6778626362320023e-10,9.572211704342866,0.32292846521414686
H3K36me3_Monocyte,gDMR_Tc-Mem,3.8658926767771105e-09,1.107929484209118,0.012594400394938077,9.585835923028958e-09,8.018370008927892,0.14786606187518178
H3K36me3_Monocyte,gDMR_Tc-Naive,2.485436896462291e-08,0.8706079837915144,0.015893423657948266,5.921187900395458e-08,7.227591156987568,-0.19990484466321176
H3K36me3_Monocyte,gDMR_Th-Mem,4.976196657288659e-08,1.1449748739993415,0.014865900316137496,1.1461761021053499e-07,6.940748650870394,0.1953159393228473
H3K36me3_Monocyte,gDMR_Th-Naive,6.359885123140308e-22,0.7959069499549761,0.025325915217327126,2.6194103134289744e-21,20.58179646686662,-0.3293283207584097
H3K4me1_Monocyte,gDMR_B-Mem,0.4708448474419804,1.0235603186506315,0.0025161685509647027,0.5513990261609698,0.25853400524745684,0.03359612322501916
H3K4me1_Monocyte,gDMR_B-Naive,1.1081272151870448e-26,0.6862924607522845,0.04909136187122969,5.279900260597096e-26,25.27737428138313,-0.5431045888071104
H3K4me1_Monocyte,gDMR_Monocyte,5.860798052216739e-19,0.7955177968260999,0.025649914702693653,2.208021591765376e-18,17.655996684050308,-0.33003388889979
H3K4me1_Monocyte,gDMR_NK-cell1,0.5179698217307543,0.9775357191213511,0.0025905169655331822,0.5965244866377881,0.22437172434333988,-0.03277867547735549
H3K4me1_Monocyte,gDMR_NK-cell2,3.5006860151477164e-08,0.8345342129013391,0.02188665525193086,8.25890001631937e-08,7.083077791499747,-0.26095689877903744
H3K4me1_Monocyte,gDMR_Tc-Mem,4.441098946161474e-20,1.1454358192060623,0.01962301237368854,1.71299530780514e-19,18.766243826641684,0.1958966241535707
H3K4me1_Monocyte,gDMR_Tc-Naive,4.88677649874087e-123,0.5667688856573658,0.0672597381170604,6.785638223965893e-122,100.0,-0.8191675351845988
H3K4me1_Monocyte,gDMR_Th-Mem,7.856604411988989e-27,0.7568143623503708,0.029240035258411137,3.780504697254107e-26,25.422450217993173,-0.401988627384679
H3K4me1_Monocyte,gDMR_Th-Naive,1.2319515788094388e-266,0.4574728281457567,0.0918069062214067,9.978807788356456e-265,100.0,-1.1282420386240577
H3K9me3_Monocyte,gDMR_B-Mem,0.5575940611037866,1.0333733957309723,0.002046204802902705,0.6331558731225241,0.19848936027711936,0.047361647070630467
H3K9me3_Monocyte,gDMR_B-Naive,0.34359739946067425,0.9439868912317093,0.004348391236190545,0.42817522086637866,0.36837846957867143,-0.08316126928998721
H3K9me3_Monocyte,gDMR_Monocyte,0.10589390686460891,0.9240758890946998,0.00466281339630693,0.14497024996112656,0.8387211122708491,-0.11391675804605625
H3K9me3_Monocyte,gDMR_NK-cell1,0.24209305024960412,1.073005332097005,0.004687417120380549,0.31044122010899106,0.5080206183502473,0.10165724531232226
H3K9me3_Monocyte,gDMR_NK-cell2,0.5465535543125152,0.964978011873017,0.0023930606161159346,0.6235329281593482,0.20514060691631364,-0.05143202558764624
H3K9me3_Monocyte,gDMR_Tc-Mem,8.473598627230423e-25,0.7406027259286604,0.021986814079623242,3.848756011994379e-24,23.414679619693437,-0.43322823525559073
H3K9me3_Monocyte,gDMR_Tc-Naive,1.1176339876623554e-17,0.701682371767134,0.02440952253036739,3.9647453868898154e-17,16.40178469753157,-0.5111099765739082
H3K9me3_Monocyte,gDMR_Th-Mem,1.709086957559301e-10,0.7630222400859223,0.01741058396866204,4.4898176290476773e-10,9.347771299154092,-0.39020298645919704
H3K9me3_Monocyte,gDMR_Th-Naive,2.9974829413666724e-18,0.7002189902957475,0.02292584527035825,1.0953208342136864e-17,16.960458651490672,-0.51412190596587
H3K27ac_Th-Mem,gDMR_B-Mem,0.13855635801102506,1.0666991171928404,0.005168344799874257,0.18550520659327321,0.7316438964910098,0.0931532939237341
H3K27ac_Th-Mem,gDMR_B-Naive,1.6772149609546777e-11,0.7196916319235,0.03090754439900488,4.631400403545303e-11,10.3342876708452,-0.47454921109739
H3K27ac_Th-Mem,gDMR_Monocyte,0.9454590100071989,0.9967742819034225,0.00019727818090267753,0.9632978592526177,0.01623940485014602,-0.004661249487974948
H3K27ac_Th-Mem,gDMR_NK-cell1,0.7150922827690109,1.0189092319991266,0.0014627025457165336,0.7880608830515631,0.10344022901814909,0.027025536903800725
H3K27ac_Th-Mem,gDMR_NK-cell2,0.0006718330279125775,0.8634782655525581,0.01349798671437394,0.0011578398991684846,2.9363514887214173,-0.21176823047904322
H3K27ac_Th-Mem,gDMR_Tc-Mem,0.033210632703765,1.0459735702381612,0.004553631594604918,0.04775256655038399,1.3210032814893533,0.0648463978868906
H3K27ac_Th-Mem,gDMR_Tc-Naive,1.4033940126114222e-80,0.5636610231897511,0.05420200681347008,1.2400899820530022e-79,78.9065468008932,-0.8271002854266922
H3K27ac_Th-Mem,gDMR_Th-Mem,0.1058065912652762,0.9461338398730736,0.004409831019216052,0.14497024996112656,0.8387211122708491,-0.0798838135813909
H3K27ac_Th-Mem,gDMR_Th-Naive,7.130231166879712e-216,0.41393558804735114,0.08252862763240643,2.3101948980690268e-214,100.0,-1.2725218055067042
H3K4me1_Th-Mem,gDMR_B-Mem,0.003107647791550471,1.1337117154714536,0.010317523748927722,0.004887756720691031,2.310890418455108,0.18105383293059915
H3K4me1_Th-Mem,gDMR_B-Naive,2.824746781239407e-07,0.779432186653863,0.023575624702816128,6.268616144668274e-07,6.202828323135423,-0.35950458605539254
H3K4me1_Th-Mem,gDMR_Monocyte,0.1511867804172901,1.0538550979283057,0.004139195267715883,0.200501938671345,0.6978814237909466,0.0756765141559203
H3K4me1_Th-Mem,gDMR_NK-cell1,0.151407842576921,1.0727802963917679,0.005748524076015485,0.200501938671345,0.6978814237909466,0.10135464481686882
H3K4me1_Th-Mem,gDMR_NK-cell2,0.0015507342226492456,0.8718268440540605,0.012562067690691528,0.0025547689227374015,2.592648375419074,-0.19788646909469618
H3K4me1_Th-Mem,gDMR_Tc-Mem,2.9444484900557294e-10,1.1381791834618913,0.013475058565989005,7.652416931374783e-10,9.116201376064684,0.18672769889443874
H3K4me1_Th-Mem,gDMR_Tc-Naive,9.497140363891851e-79,0.5667978575324311,0.053567924354367254,8.097561783949895e-78,77.09164572966219,-0.8190937899362628
H3K4me1_Th-Mem,gDMR_Th-Mem,0.006269576587098647,0.9090792159869912,0.007452744147244151,0.009581805727452649,2.018552638774327,-0.13752208041061542
H3K4me1_Th-Mem,gDMR_Th-Naive,1.4589749026662096e-220,0.41451382169339657,0.08342886772203964,5.454321559198291e-219,100.0,-1.2705078866378328
H3K4me1_Tc-Mem,gDMR_B-Mem,9.084673264459201e-06,1.165066397814539,0.015485216920822985,1.8320129487664613e-05,4.737071461040467,0.22041217725560208
H3K4me1_Tc-Mem,gDMR_B-Naive,3.697669968411165e-09,0.7929497829089392,0.027076078056497282,9.215731305886288e-09,8.035470196038053,-0.33469859118035067
H3K4me1_Tc-Mem,gDMR_Monocyte,0.468156358140853,1.0227521811692606,0.0020921081144897446,0.5495748552088274,0.2599731458427362,0.03245661398833533
H3K4me1_Tc-Mem,gDMR_NK-cell1,0.23025322003294985,1.0500965296513838,0.004807372804001147,0.2960398543280784,0.5286498181652716,0.07052195308027087
H3K4me1_Tc-Mem,gDMR_NK-cell2,0.0008459306232883433,0.8879821006107023,0.013245907405784196,0.001432481822014407,2.843910880459299,-0.1713974989656282
H3K4me1_Tc-Mem,gDMR_Tc-Mem,0.11698062723303151,1.0278514016998985,0.0033519892387413783,0.15880610289176905,0.7991328117244761,0.039631706626451206
H3K4me1_Tc-Mem,gDMR_Tc-Naive,3.6020188552982674e-109,0.5682408889476823,0.06329058585543447,4.269710155304775e-108,100.0,-0.8154254475210949
H3K4me1_Tc-Mem,gDMR_Th-Mem,4.028039369045822e-08,0.8548250982092608,0.01496803667457691,9.45713590993367e-08,7.0242403696070355,-0.2262988278226403
H3K4me1_Tc-Mem,gDMR_Th-Naive,5.355019355756518e-258,0.44194292770441546,0.09029526055284094,3.253174258622084e-256,100.0,-1.178068022180435
H3K4me1_B-Mem,gDMR_B-Mem,0.037195640409361165,1.097920818944952,0.007270388646998062,0.05316788599691037,1.2743506072827473,0.13477401223511393
H3K4me1_B-Mem,gDMR_B-Naive,1.906988803105387e-10,0.7268285921688494,0.029240769189882568,4.98277719521085e-10,9.302528531864427,-0.46031292109292093
H3K4me1_B-Mem,gDMR_Monocyte,0.08987010808657254,0.9364941326343387,0.004891078491912783,0.12443553427371583,0.9050555831876004,-0.09465813922935634
H3K4me1_B-Mem,gDMR_NK-cell1,0.5335225629760523,0.9677626329013733,0.002494986251885247,0.6115376547319844,0.21357679661814227,-0.04727485971133309
H3K4me1_B-Mem,gDMR_NK-cell2,0.0006992606852961393,0.8552644209823986,0.013454509132394515,0.0011966221586405764,2.922042959302574,-0.22555756978557742
H3K4me1_B-Mem,gDMR_Tc-Mem,2.5971960218496604e-14,1.1760714198998765,0.016287570006833466,7.938599161125377e-14,13.10025612607,0.23397567412556516
H3K4me1_B-Mem,gDMR_Tc-Naive,1.342983243244796e-50,0.6178394830177246,0.042653600601712666,8.261896914138871e-50,49.082920228132124,-0.6946960255829387
H3K4me1_B-Mem,gDMR_Th-Mem,2.7727672291487605e-08,0.8126804864238903,0.015146882885235448,6.573487187152671e-08,7.18220417924386,-0.29923984130237885
H3K4me1_B-Mem,gDMR_Th-Naive,1.6043949423143556e-151,0.45550865045602473,0.0690001097240477,3.118943767859107e-150,100.0,-1.1344496427228123
H3K27ac_B-Naive,gDMR_B-Mem,0.0020976653802883462,1.1395741001040438,0.010733312411317404,0.0033757131616560807,2.471634462994943,0.1884947380098616
H3K27ac_B-Naive,gDMR_B-Naive,1.3358264197835447e-10,0.7344033112741736,0.02949047494953436,3.5283241305152325e-10,9.452431525119545,-0.44535553130440564
H3K27ac_B-Naive,gDMR_Monocyte,0.3413962400002386,0.9644618141293232,0.0027436279006337857,0.42652589367639065,0.3700545984016902,-0.052203976008361026
H3K27ac_B-Naive,gDMR_NK-cell1,0.15864934230046812,1.0703727281016957,0.005648555635582158,0.20838805502169597,0.6811271787834582,0.09811326330644664
H3K27ac_B-Naive,gDMR_NK-cell2,0.012683378850020069,0.8932870505798827,0.009892970974098152,0.018908350064753842,1.7233463658686181,-0.16280424663732798
H3K27ac_B-Naive,gDMR_Tc-Mem,0.4644567861498621,0.9844351790378613,0.0015642475871720666,0.5491337573564281,0.2603218577238986,-0.022631881101218432
H3K27ac_B-Naive,gDMR_Tc-Naive,1.0952331123140312e-60,0.588057190022033,0.04685616476289663,7.604047036923131e-60,59.11895520535039,-0.7659716273274182
H3K27ac_B-Naive,gDMR_Th-Mem,3.891641325683345e-07,0.8394557603558594,0.013835308605733168,8.596989474009572e-07,6.065653605003324,-0.25247379830988814
H3K27ac_B-Naive,gDMR_Th-Naive,7.166880533612157e-125,0.49195901670477477,0.06254919172792148,1.0244423350986789e-123,100.0,-1.0233899599316147
H3K4me1_B-Naive,gDMR_B-Mem,0.08670845274438804,1.0638940516450321,0.005977287591038861,0.12040088009649311,0.9193703384963543,0.08935448657507532
H3K4me1_B-Naive,gDMR_B-Naive,2.4288135305269565e-19,0.7000472216469684,0.04128528569473667,9.221901373719536e-19,18.035179526779203,-0.5144758526324442
H3K4me1_B-Naive,gDMR_Monocyte,0.9020437049862111,0.9957820068211861,0.0003549319859797692,0.9339688534510857,0.02966760663914728,-0.0060981478750168775
H3K4me1_B-Naive,gDMR_NK-cell1,0.8899456204147035,1.006342607253639,0.0005544777002216937,0.9241742981229614,0.03424611365607677,0.009121551304796104
H3K4me1_B-Naive,gDMR_NK-cell2,0.002305730346106504,0.8919571884609664,0.01209656846500612,0.003674049010517249,2.434855054656441,-0.16495362855039833
H3K4me1_B-Naive,gDMR_Tc-Mem,0.6079554950769963,1.00933504945644,0.001096950242897124,0.679233035879127,0.16798119945565415,0.013405157548516152
H3K4me1_B-Naive,gDMR_Tc-Naive,1.2420869628714573e-91,0.5780654072729902,0.0578842571622372,1.2576130499073507e-90,89.90045296472599,-0.7906953540477842
H3K4me1_B-Naive,gDMR_Th-Mem,3.585020234822993e-17,0.7765274089567781,0.022973668635731657,1.2534675065640105e-16,15.90188691970565,-0.36489124681291296
H3K4me1_B-Naive,gDMR_Th-Naive,1.7733314058638735e-227,0.44672838163731504,0.08473909395640966,7.181992193748688e-226,100.0,-1.1625301797432095
H3K27ac_Th-Naive,gDMR_B-Mem,0.0018424837879554648,1.1422500176382844,0.010867544000294556,0.003004856110558241,2.522176319630204,0.19187846482402843
H3K27ac_Th-Naive,gDMR_B-Naive,1.4870293718262908e-14,0.6857614148643533,0.03530133486942411,4.632668427612675e-14,13.334168782294423,-0.5442213631858354
H3K27ac_Th-Naive,gDMR_Monocyte,0.0687695235900014,0.9316325003401694,0.005248224013559571,0.09659534238364358,1.0150438138106823,-0.10216712551706521
H3K27ac_Th-Naive,gDMR_NK-cell1,0.7830284049013602,1.0149911965167076,0.0011034601560214652,0.845670677293469,0.07279872783420413,0.021467214310187416
H3K27ac_Th-Naive,gDMR_NK-cell2,0.01049302826504343,0.8937428893363537,0.010157332667692507,0.015691113036341867,1.8043462489945328,-0.16206823621805094
H3K27ac_Th-Naive,gDMR_Tc-Mem,0.2463398473191143,1.0254773600669462,0.0024789342259325113,0.31422878161965756,0.5027540384999654,0.036295641130595004
H3K27ac_Th-Naive,gDMR_Tc-Naive,1.1045715649749028e-78,0.5639408296269725,0.05354506058616894,9.2555479409966e-78,77.03359786532738,-0.8263842962383717
H3K27ac_Th-Naive,gDMR_Th-Mem,0.004467830302736795,0.9050162786592364,0.007751994999225739,0.006915176837993893,2.160196709439999,-0.14398435249291594
H3K27ac_Th-Naive,gDMR_Th-Naive,1.8354853084012878e-232,0.3962843922712792,0.0856711992573194,8.920458598830258e-231,100.0,-1.3353919472540392
H3K36me3_Th-Naive,gDMR_B-Mem,6.462372836321671e-14,1.4172518787950874,0.02616418128200358,1.9629457490327074e-13,12.707091703059858,0.503096181682694
H3K36me3_Th-Naive,gDMR_B-Naive,0.7856174987012777,1.0169115646462703,0.0012488770458263666,0.846585597270113,0.0723291243327403,0.02419422118773639
H3K36me3_Th-Naive,gDMR_Monocyte,0.25107675580699734,1.0530682883571723,0.0033097881963444022,0.3194327312099495,0.49562058520579777,0.07459899389433483
H3K36me3_Th-Naive,gDMR_NK-cell1,2.4297092804892235e-09,1.4054400115485408,0.023906951525969986,6.118335286620531e-09,8.213366727230508,0.49102187642305345
H3K36me3_Th-Naive,gDMR_NK-cell2,0.059406819367446656,1.1064777761997215,0.007482308349795357,0.08368612815240312,1.0773465248758751,0.14597447464688987
H3K36me3_Th-Naive,gDMR_Tc-Mem,0.9862609565927923,1.000789167768047,3.682243576458971e-05,0.9944456948217781,0.00241892805808169,0.0011380794166358647
H3K36me3_Th-Naive,gDMR_Tc-Naive,8.250673513796793e-09,0.8012753599199736,0.016432207128740772,2.035445344012813e-08,7.6913405548479945,-0.31962998193688374
H3K36me3_Th-Naive,gDMR_Th-Mem,0.7372602375949191,1.0137110990400038,0.000914732562707402,0.8106526594369473,0.09116518820835216,0.019646552372118622
H3K36me3_Th-Naive,gDMR_Th-Naive,5.254153340215757e-16,0.7375998890774511,0.021330851847212343,1.7610472574792127e-15,14.754228989639156,-0.4390896560770301
H3K4me1_Th-Naive,gDMR_B-Mem,9.789695969069563e-06,1.1553467873378431,0.015428972977996048,1.96602985163959e-05,4.706409892249598,0.20832595404747273
H3K4me1_Th-Naive,gDMR_B-Naive,6.967628579775213e-15,0.7472494363384412,0.03574404889041211,2.2726627448125863e-14,13.64346500727284,-0.4203381912302854
H3K4me1_Th-Naive,gDMR_Monocyte,0.9651104880155412,0.9983257695093132,0.00012613940077427685,0.9771743691157355,0.010027932915942766,-0.002417428257421559
H3K4me1_Th-Naive,gDMR_NK-cell1,0.44524347955172605,1.0300113619332503,0.0030589126751514833,0.5316666610863362,0.27436057188478236,0.042660251694267196
H3K4me1_Th-Naive,gDMR_NK-cell2,0.0009352131778672875,0.8940306264700879,0.013134826464366945,0.0015672882911844889,2.804851110899127,-0.16160384077217135
H3K4me1_Th-Naive,gDMR_Tc-Mem,0.8746774836081092,1.00275925226862,0.0003372572012712608,0.9141790473839592,0.03896873678745247,0.00397527768617823
H3K4me1_Th-Naive,gDMR_Tc-Naive,6.635549662464857e-118,0.5730673299504064,0.06581841921633731,8.957992044327558e-117,100.0,-0.803223443027312
H3K4me1_Th-Naive,gDMR_Th-Mem,7.749086287531448e-10,0.8461552613253701,0.016768595370001377,2.0032212424150446e-09,8.698271083130846,-0.24100568663379307
H3K4me1_Th-Naive,gDMR_Th-Naive,0.0,0.4238467344538432,0.1013686967008237,0.0,100.0,-1.2383854230632827
H3K27me3_Tc-Naive,gDMR_B-Mem,0.3595806994628138,0.9699561604042553,0.003196793226597129,0.4446723153662277,0.35195990823478224,-0.04400855232642278
H3K27me3_Tc-Naive,gDMR_B-Naive,5.325122774385505e-25,0.6842115857287474,0.04741454244771863,2.4415185550484488e-24,23.612339970816873,-0.5474855614744848
H3K27me3_Tc-Naive,gDMR_Monocyte,0.42272705325449766,1.0232852000426893,0.0023118988976408863,0.5123325383583189,0.2904480611044909,0.033208294978969544
H3K27me3_Tc-Naive,gDMR_NK-cell1,0.7136193918308769,1.0138144126283186,0.0014706121259039661,0.7880608830515631,0.10344022901814909,0.01979357888378467
H3K27me3_Tc-Naive,gDMR_NK-cell2,2.5060490812788884e-07,0.8372244940590567,0.020469301980323734,5.612626053002487e-07,6.250833892134071,-0.2563135748123661
H3K27me3_Tc-Naive,gDMR_Tc-Mem,9.161922207731802e-127,0.6582730683070053,0.05121374818279809,1.3493012705932292e-125,100.0,-0.603241920395021
H3K27me3_Tc-Naive,gDMR_Tc-Naive,1.8868196242570928e-148,0.5229662629778499,0.07398464000098644,3.396275323662767e-147,100.0,-0.9352102149628728
H3K27me3_Tc-Naive,gDMR_Th-Mem,1.589545207318176e-35,0.7143887949915501,0.03391838595401347,8.306655599533695e-35,34.08057379535187,-0.48521864255938335
H3K27me3_Tc-Naive,gDMR_Th-Naive,1.748890300774886e-291,0.42468181627475204,0.09602279715278715,2.124901715441486e-289,100.0,-1.2355457571741626
H3K4me1_Tc-Naive,gDMR_B-Mem,0.00028371884557751965,1.1222163932278006,0.012665296681925522,0.0004995918802560672,3.301384628721923,0.1663508928232419
H3K4me1_Tc-Naive,gDMR_B-Naive,3.756867671693541e-15,0.7511294715449482,0.036100878454830614,1.233674113812879e-14,13.908799547972501,-0.4128664896023187
H3K4me1_Tc-Naive,gDMR_Monocyte,0.8674612874325454,1.0050927718677791,0.0004812516981480798,0.9105533168298424,0.04069461930666549,0.007328670893241594
H3K4me1_Tc-Naive,gDMR_NK-cell1,0.1237577151507793,1.058591193326088,0.006167726955428425,0.16707291545355205,0.7770939488047017,0.08214555700944949
H3K4me1_Tc-Naive,gDMR_NK-cell2,3.977338504076193e-05,0.8732162172051462,0.016307941051070612,7.492195786748177e-05,4.125390882125236,-0.19558917085253988
H3K4me1_Tc-Naive,gDMR_Tc-Mem,1.8347304578632484e-06,0.924872345519701,0.01020159519902911,3.893794770836413e-06,5.4096269424518635,-0.11267384190141522
H3K4me1_Tc-Naive,gDMR_Tc-Naive,2.5440789315260483e-138,0.5545125186884038,0.0713798149926988,4.263525381798826e-137,100.0,-0.8507080638136175
H3K4me1_Tc-Naive,gDMR_Th-Mem,1.823111322910672e-11,0.8383896095970427,0.018321525759240904,5.0058310900259124e-11,10.300523808724458,-0.2543072576347422
H3K4me1_Tc-Naive,gDMR_Th-Naive,0.0,0.4318835097954136,0.10101299324740234,0.0,100.0,-1.2112858623677951
H3K36me3_NK-cell1,gDMR_B-Mem,1.1280497234112754e-49,1.6070853010694677,0.05170325777807686,6.768298340467653e-49,48.16952050623925,0.684446506588525
H3K36me3_NK-cell1,gDMR_B-Naive,0.14947190859722284,1.0569642407231001,0.006617983777714203,0.1990228700773981,0.7010970151595356,0.0799265682020219
H3K36me3_NK-cell1,gDMR_Monocyte,0.8255338431332175,0.9924858628672467,0.0006356738291977963,0.8817790060719642,0.054640245332373216,-0.010881542472143544
H3K36me3_NK-cell1,gDMR_NK-cell1,1.1534595132168771e-14,1.3975539884958257,0.030939326727799518,3.6639302184536094e-14,13.436052806300347,0.48290401647148595
H3K36me3_NK-cell1,gDMR_NK-cell2,5.137019101733054e-08,1.215089838398493,0.021617356440140047,1.1776373978501245e-07,6.928988411038123,0.28106298430059873
H3K36me3_NK-cell1,gDMR_Tc-Mem,5.03568305813784e-22,1.189265596092878,0.020629584794915553,2.1097775571163712e-21,20.675763331815812,0.2500709450046482
H3K36me3_NK-cell1,gDMR_Tc-Naive,2.9621138900851885e-11,0.842413169677999,0.018956053189929153,8.042387433415652e-11,10.094615009056836,-0.24740010429697135
H3K36me3_NK-cell1,gDMR_Th-Mem,8.366663752076602e-08,1.150331480713885,0.014611993949850225,1.9000927960323497e-07,6.721225188615235,0.2020496495804876
H3K36me3_NK-cell1,gDMR_Th-Naive,2.6579025704281347e-25,0.7761147551530791,0.027351828153268323,1.2302291897410225e-24,23.910013972652006,-0.3656581119979237
H3K4me1_NK-cell1,gDMR_B-Mem,0.09619024740562176,1.0659108246755773,0.005804874945618783,0.13243189869442543,0.8780073943645463,0.09208674562074294
H3K4me1_NK-cell1,gDMR_B-Naive,3.4116307987786487e-11,0.752236195041594,0.03042975125603237,9.160511426554825e-11,10.038080279221843,-0.41074236927129887
H3K4me1_NK-cell1,gDMR_Monocyte,0.33741571842061246,1.0317188253439846,0.0027663341363711757,0.42263927616602487,0.37403014611576596,0.04504984619459782
H3K4me1_NK-cell1,gDMR_NK-cell1,0.993091589574504,0.9987065361520653,3.4695741009551156e-05,0.9992598603172028,0.0003215575935287964,-0.001867281770222707
H3K4me1_NK-cell1,gDMR_NK-cell2,1.240780482803424e-05,0.8476289170041952,0.01734586034473687,2.4315294945260645e-05,4.6141204580586965,-0.23849528855183585
H3K4me1_NK-cell1,gDMR_Tc-Mem,5.166754328271564e-07,1.0972313258860393,0.010734445088641922,1.1362183726425249e-06,5.944538192463482,0.13386771674040246
H3K4me1_NK-cell1,gDMR_Tc-Naive,5.306686995430141e-93,0.575158693708389,0.05832433715110114,5.606630173432714e-92,91.25129809004642,-0.7979680257198398
H3K4me1_NK-cell1,gDMR_Th-Mem,1.0324342092416928e-06,0.860355418116134,0.013320444359053033,2.2300578919620565e-06,5.651683862587121,-0.21699532573907365
H3K4me1_NK-cell1,gDMR_Th-Naive,1.3322877955408375e-229,0.43913094249576523,0.08513752189925723,5.886289714844064e-228,100.0,-1.187276900180592
H3K36me3_Th-Mem,gDMR_B-Mem,5.4926024198770336e-17,1.5122521931969826,0.029225301299588984,1.9067176971858844e-16,15.719713602512478,0.596698753008019
H3K36me3_Th-Mem,gDMR_B-Naive,0.0020305974146326154,1.192224810962239,0.014167654225432981,0.003289567811704837,2.4828611565549337,0.25365630214199814
H3K36me3_Th-Mem,gDMR_Monocyte,0.9715936638964335,0.997156374344783,0.00010268911086621331,0.9816933901323632,0.008024133156078384,-0.004108328677683048
H3K36me3_Th-Mem,gDMR_NK-cell1,1.3798174885608888e-05,1.3306617555169076,0.017419157742038702,2.6931377487573972e-05,4.569741432702388,0.41214389532640394
H3K36me3_Th-Mem,gDMR_NK-cell2,0.007960464431422514,1.1603860349125343,0.010532796050373243,0.012054891303776892,1.9188367012038001,0.2146048381152257
H3K36me3_Th-Mem,gDMR_Tc-Mem,6.459730321407484e-24,1.3080638832970295,0.02156429643216591,2.828314356940574e-23,22.548472321927008,0.38743300097760514
H3K36me3_Th-Mem,gDMR_Tc-Naive,0.008238625855026237,0.9015977939788377,0.0075332489805832355,0.012434696166281836,1.9053648219677723,-0.14944410934582258
H3K36me3_Th-Mem,gDMR_Th-Mem,5.5179805955853145e-06,1.1951653090689018,0.012389882409794077,1.1267809115354887e-05,4.948160518879222,0.2572101781054116
H3K36me3_Th-Mem,gDMR_Th-Naive,7.55064204430747e-08,0.8200211883408947,0.01415188731532741,1.7228225509546623e-07,6.763759452157247,-0.2862669072061457
H3K36me3_B-Mem,gDMR_B-Mem,1.7297066594821535e-20,1.5815392705024693,0.03237333265115952,6.725099492066613e-20,19.172301286264453,0.6613293792228487
H3K36me3_B-Mem,gDMR_B-Naive,0.052666249541322235,1.1234848658415058,0.0088964379236108,0.07462331567662568,1.1271254582157055,0.16798069049693298
H3K36me3_B-Mem,gDMR_Monocyte,0.9332252439960248,0.9947307161422073,0.00024162263695309027,0.9568511995402279,0.01915559434762821,-0.0076220687951114195
H3K36me3_B-Mem,gDMR_NK-cell1,2.418085386607634e-07,1.3840059362553716,0.02069253240075342,5.440692119867177e-07,6.264345849434279,0.4688501309716169
H3K36me3_B-Mem,gDMR_NK-cell2,0.002139777539234685,1.1868203249421125,0.012185387109971042,0.0034208285660133446,2.4658686898313,0.2471015390778577
H3K36me3_B-Mem,gDMR_Tc-Mem,9.585845618819795e-15,1.2300435216007037,0.016560576349289546,3.085245675991007e-14,13.510710247682907,0.2987093621390673
H3K36me3_B-Mem,gDMR_Tc-Naive,2.301352691515457e-06,0.8290470645255519,0.013471880507506757,4.759393225857498e-06,5.322448411871757,-0.27047408987289406
H3K36me3_B-Mem,gDMR_Th-Mem,0.00013255062379712552,1.1611208385748875,0.010420198070266708,0.00024127192196780152,3.617493216193019,0.21551812219567584
H3K36me3_B-Mem,gDMR_Th-Naive,2.1164058273831264e-06,0.8373157334785806,0.012479280967911987,4.395612103026494e-06,5.356980639485122,-0.2561563607233329
H3K27ac_NK-cell2,gDMR_B-Mem,0.009068544171053591,1.122439071912453,0.009105245897225367,0.013602816256580387,1.866371168242048,0.16663713491259838
H3K27ac_NK-cell2,gDMR_B-Naive,1.31566342431949e-12,0.7014335344364104,0.032564920503601276,3.78350546875309e-12,11.42210563395819,-0.5116216896621846
H3K27ac_NK-cell2,gDMR_Monocyte,0.17729933928160968,0.9488184167790389,0.0038905152480955187,0.2310120077503011,0.6363654453712275,-0.07579608169619023
H3K27ac_NK-cell2,gDMR_NK-cell1,0.46665070326791114,0.9628885168611223,0.0029169425673346485,0.5491337573564281,0.2603218577238986,-0.054559322241307294
H3K27ac_NK-cell2,gDMR_NK-cell2,0.00011727692195046883,0.8465353508680858,0.015287730042407948,0.000214272872435819,3.669032808413031,-0.2403577793273593
H3K27ac_NK-cell2,gDMR_Tc-Mem,0.8176356648707761,1.0052872705362725,0.0004930709794900849,0.8752663725268661,0.057859756676533085,0.007607824346272184
H3K27ac_NK-cell2,gDMR_Tc-Naive,9.33965868485721e-72,0.5654535771712004,0.05107353229773915,6.877385031576673e-71,70.16257666092653,-0.8225195087519239
H3K27ac_NK-cell2,gDMR_Th-Mem,4.194040450941933e-05,0.8633999340523163,0.011169609291125359,7.869898297906484e-05,4.10403087995903,-0.21189911228303804
H3K27ac_NK-cell2,gDMR_Th-Naive,9.741303693865961e-150,0.4609511582048792,0.06858732904897478,1.8208744596995605e-148,100.0,-1.1173142022557532
H3K4me1_NK-cell2,gDMR_B-Mem,0.021885767290763806,1.0859052068865518,0.007998730367115969,0.03213438943598553,1.4930299474138091,0.11889816987931683
H3K4me1_NK-cell2,gDMR_B-Naive,1.0231682621645557e-16,0.7131881298209246,0.03811777516775987,3.526665073843788e-16,15.45263578317012,-0.48764540368973613
H3K4me1_NK-cell2,gDMR_Monocyte,0.8294083284578562,1.0071806981788507,0.0006213339163474592,0.8839746658563994,0.05356018140822776,0.010322540325564008
H3K4me1_NK-cell2,gDMR_NK-cell1,0.42769247089392615,0.9673042850229862,0.00317823558589082,0.5152560343902118,0.28797691330513087,-0.04795830504068319
H3K4me1_NK-cell2,gDMR_NK-cell2,1.3114801253279022e-06,0.8398929977117412,0.019202217634731022,2.8202625703954004e-06,5.5497104563737745,-0.2517225545003517
H3K4me1_NK-cell2,gDMR_Tc-Mem,0.11096944470337451,0.9715704544118946,0.00340817820217881,0.15106764741131656,0.820828534040613,-0.041609476796615856
H3K4me1_NK-cell2,gDMR_Tc-Naive,1.2474915659502157e-113,0.54650855410056,0.06459378069679961,1.5954760553994862e-112,100.0,-0.8716840173582069
H3K4me1_NK-cell2,gDMR_Th-Mem,9.156662046655367e-14,0.8008640390531488,0.0203201299373298,2.7640607171891357e-13,12.55845242119271,-0.32037075466639786
H3K4me1_NK-cell2,gDMR_Th-Naive,1.2883719183030231e-234,0.4439086280465814,0.08607078436774114,6.957208358836326e-233,100.0,-1.1716653449559506
H3K36me3_B-Naive,gDMR_B-Mem,5.358050285100284e-16,1.526010238457919,0.028274297787402047,1.783570163396396e-15,14.74870980139346,0.6097646416763193
H3K36me3_B-Naive,gDMR_B-Naive,0.0014657456214031994,1.2153344122111773,0.014606868494870896,0.0024312367645117914,2.614172745593514,0.2813533413671015
H3K36me3_B-Naive,gDMR_Monocyte,0.4134318781179186,1.0440782261807877,0.0023585294951670457,0.5035786786097955,0.29793266609026214,0.062229807975969505
H3K36me3_B-Naive,gDMR_NK-cell1,0.0006796921413870813,1.266644514324431,0.013614770771121349,0.0011672451615339983,2.932837917631417,0.3410116867663154
H3K36me3_B-Naive,gDMR_NK-cell2,0.0021162640013847353,1.1999374354705559,0.012198479007169005,0.003394403645785417,2.469236514783852,0.2629591859259321
H3K36me3_B-Naive,gDMR_Tc-Mem,9.057193726126773e-15,1.2436515338748095,0.01657598328870949,2.9345307672650746e-14,13.53246133273981,0.31458230478068805
H3K36me3_B-Naive,gDMR_Tc-Naive,0.941948453009462,0.9962781662252833,0.00020762778163881625,0.9632978592526177,0.01623940485014602,-0.005379488131432448
H3K36me3_B-Naive,gDMR_Th-Mem,0.0002670733260984253,1.1625593679311543,0.00993932201779,0.0004719914053957625,3.326065909465866,0.21730439160381337
H3K36me3_B-Naive,gDMR_Th-Naive,4.37217651822382e-08,0.8026632851999101,0.014408656972471687,1.011846565646084e-07,6.994885338034989,-0.31713318640875277
H3K27ac_Tc-Naive,gDMR_B-Mem,5.078476965919583e-05,1.1656891006644736,0.014138686372070077,9.456474350333016e-05,4.024270751081558,0.22118306063269516
H3K27ac_Tc-Naive,gDMR_B-Naive,1.3017768657347687e-12,0.7356533006021807,0.03257165957890447,3.765854504447009e-12,11.424136463165992,-0.44290208315183033
H3K27ac_Tc-Naive,gDMR_Monocyte,0.48148491026963036,0.9761931906494963,0.0020299178806699736,0.5625040057476932,0.24987438047362265,-0.03476140651416112
H3K27ac_Tc-Naive,gDMR_NK-cell1,0.5439226756374471,0.9721562921981243,0.0024318903486740097,0.6219915773171748,0.20621549625683488,-0.04073982235982261
H3K27ac_Tc-Naive,gDMR_NK-cell2,0.0013082314999216481,0.8823898567425726,0.012757145872503673,0.00217739900329425,2.662061980214324,-0.1805118879463906
H3K27ac_Tc-Naive,gDMR_Tc-Mem,0.0032217557329689453,1.0578686401708426,0.006298978008404448,0.005050881568460992,2.2966328145735493,0.08116049329328356
H3K27ac_Tc-Naive,gDMR_Tc-Naive,1.2287460329305273e-96,0.5642143747725413,0.059476960607361476,1.3572058454641733e-95,94.86735427852341,-0.8256846722306705
H3K27ac_Tc-Naive,gDMR_Th-Mem,2.129689635234159e-05,0.875333769248078,0.011590378342926578,4.0910243585921e-05,4.388167934637377,-0.1920948660304738
H3K27ac_Tc-Naive,gDMR_Th-Naive,2.0268241452407646e-263,0.40761003047126443,0.09124700124417572,1.4071950494100166e-261,100.0,-1.294738541094383
H3K36me3_Tc-Naive,gDMR_B-Mem,8.567810852938538e-23,1.5339665842237968,0.03429149341451997,3.6525930478316926e-22,21.43739871183579,0.6172670556572091
H3K36me3_Tc-Naive,gDMR_B-Naive,0.00017778526410383143,1.2096285533028077,0.017211427631894472,0.0003176604351266988,3.4980368735460785,0.27456409991481834
H3K36me3_Tc-Naive,gDMR_Monocyte,0.5095536253275452,1.0295772961545908,0.0019019273485406908,0.5938682539788657,0.22630988989438597,0.04205214526184521
H3K36me3_Tc-Naive,gDMR_NK-cell1,1.3367848739250974e-11,1.4658468666074655,0.027106582016276026,3.733778440963203e-11,10.427851456264257,0.5517343965649479
H3K36me3_Tc-Naive,gDMR_NK-cell2,1.1462163432121496e-08,1.3158988254037969,0.022653422178292106,2.7853057140055233e-08,7.555127129890975,0.39604856984870007
H3K36me3_Tc-Naive,gDMR_Tc-Mem,1.664159551532941e-17,1.2281468599369985,0.018208134665532276,5.860735811920359e-17,16.23204785514306,0.29648308630623255
H3K36me3_Tc-Naive,gDMR_Tc-Naive,0.007962181293235355,0.9111952336066654,0.00756614793887284,0.012054891303776892,1.9188367012038001,-0.1341678944502179
H3K36me3_Tc-Naive,gDMR_Th-Mem,7.664877831516914e-07,1.1884141903117897,0.013479565899272537,1.6704621641781254e-06,5.777163356646471,0.24903773695225762
H3K36me3_Tc-Naive,gDMR_Th-Naive,6.878241434619743e-06,0.860298465487495,0.011835689636912767,1.3928438905104982e-05,4.856097556432521,-0.21709083044890065
H3K27ac_NK-cell1,gDMR_B-Mem,0.003280225283912243,1.1122410704404802,0.010259234350181508,0.005126011215374116,2.2902204479430814,0.15346951597115058
H3K27ac_NK-cell1,gDMR_B-Naive,1.1695793729596124e-14,0.7306628649041876,0.0354421508562904,3.691010228950465e-14,13.432854751236045,-0.4527222089895198
H3K27ac_NK-cell1,gDMR_Monocyte,0.7826573938679845,0.9908507826746236,0.0007955042561333994,0.845670677293469,0.07279872783420413,-0.013260283998519792
H3K27ac_NK-cell1,gDMR_NK-cell1,0.386332779743488,0.9632817983104274,0.003471318646904698,0.4741356842306444,0.3240973577346969,-0.05397018928665473
H3K27ac_NK-cell1,gDMR_NK-cell2,0.0004443364654345078,0.8807981643192814,0.013940228460518709,0.0007740054559181749,3.111255977990485,-0.18311663271785647
H3K27ac_NK-cell1,gDMR_Tc-Mem,0.4192458188783892,0.985302490030849,0.0017271936223680728,0.5093836699372428,0.2929549819672675,-0.02136139176753106
H3K27ac_NK-cell1,gDMR_Tc-Naive,1.3429163468198596e-98,0.5701034334430881,0.060089703708249405,1.5178077780336087e-97,96.8187832259539,-0.810704404771588
H3K27ac_NK-cell1,gDMR_Th-Mem,4.522081410643477e-06,0.8749406886094246,0.01250373367732559,9.273128968661308e-06,5.032773700101811,-0.19274287354157366
H3K27ac_NK-cell1,gDMR_Th-Naive,1.3347290824988938e-203,0.46755743405267014,0.08012473816989635,3.815754906438014e-202,100.0,-1.0967845005104702
H3K4me3_Monocyte,gDMR_B-Mem,0.9087605971674407,0.992148527164761,0.00039988336725662086,0.9377020174593975,0.027935149609402014,-0.011371982980704859
H3K4me3_Monocyte,gDMR_B-Naive,6.961130834758142e-27,0.5092272617993358,0.04928891018093777,3.383109585692457e-26,25.47068393431645,-0.9736184380010016
H3K4me3_Monocyte,gDMR_Monocyte,0.8326953147323637,0.989704933510473,0.0006091804531634883,0.8855359364549863,0.05279380975632664,-0.014929624656457755
H3K4me3_Monocyte,gDMR_NK-cell1,0.857683537333322,0.9880319074423335,0.000718572125611545,0.9041956597483612,0.04373758196425582,-0.01737046201918548
H3K4me3_Monocyte,gDMR_NK-cell2,2.0704213022950517e-06,0.7586111404001598,0.018838733484845695,4.318561171310709e-06,5.364660924352786,-0.398567536751058
H3K4me3_Monocyte,gDMR_Tc-Mem,7.712877773098354e-34,0.7179304202979495,0.0259288978694864,3.945745892342947e-33,32.403870886926384,-0.478084065818584
H3K4me3_Monocyte,gDMR_Tc-Naive,6.271987774608313e-59,0.5103677644480595,0.046151210951282017,4.2335917478606115e-58,57.373291024020865,-0.9703908855721752
H3K4me3_Monocyte,gDMR_Th-Mem,1.0413952799411051e-12,0.7221729021207876,0.019426870153026524,3.0306473416250127e-12,11.518464596953699,-0.46958380740253347
H3K4me3_Monocyte,gDMR_Th-Naive,2.6422733791904897e-114,0.41586533199839026,0.059799763720500214,3.4706617899637246e-113,100.0,-1.2658116730400737
H3K4me3_Th-Mem,gDMR_B-Mem,0.9032209076584574,0.9933394525664946,0.0004242792177276929,0.9339688534510857,0.02966760663914728,-0.009641282624178625
H3K4me3_Th-Mem,gDMR_B-Naive,3.410548626928657e-26,0.5749562389609894,0.04861041242669838,1.6092491579488614e-25,24.79337670944663,-0.7984759409808249
H3K4me3_Th-Mem,gDMR_Monocyte,0.7624204314325981,1.0125923528099283,0.0008717684726039799,0.8289403348461805,0.08147672780870632,0.018053494036588676
H3K4me3_Th-Mem,gDMR_NK-cell1,0.8622367083567627,0.9902283652823749,0.0006953465711422955,0.9070282256739971,0.042379197985404654,-0.014166818717874091
H3K4me3_Th-Mem,gDMR_NK-cell2,1.6833702626823646e-07,0.7841848963915714,0.020763149249015483,3.8051997565750195e-07,6.419622539707828,-0.35073423945318355
H3K4me3_Th-Mem,gDMR_Tc-Mem,2.392761288316328e-21,0.8071882419486293,0.02028493173774649,9.610594926625912e-21,20.017249727279058,-0.3090229355644398
H3K4me3_Th-Mem,gDMR_Tc-Naive,1.695267567261677e-99,0.5038397960422278,0.06036842234120076,1.9616667564027977e-98,97.70737476767347,-0.9889630163140369
H3K4me3_Th-Mem,gDMR_Th-Mem,1.3550487262787735e-09,0.7971081122791244,0.016525236087604495,3.4299670883931454e-09,8.464710047128607,-0.32715268375679485
H3K4me3_Th-Mem,gDMR_Th-Naive,1.2445183427458045e-208,0.3960744530353835,0.08111868656646051,3.780224466090381e-207,100.0,-1.3361564450655958
H3K27ac_Tc-Mem,gDMR_B-Mem,0.12430851322472619,1.071921535273683,0.0053628726219170095,0.16735162722220756,0.776370060478658,0.1001993042895386
H3K27ac_Tc-Mem,gDMR_B-Naive,1.732179922220597e-14,0.6768866209248018,0.035211566550918755,5.362034663689237e-14,13.270670382781281,-0.5630138934769572
H3K27ac_Tc-Mem,gDMR_Monocyte,0.27746510003557256,0.9580631149988067,0.0031318419700967384,0.35116676723252155,0.45448659040385975,-0.061807394357589314
H3K27ac_Tc-Mem,gDMR_NK-cell1,0.3889541130762263,0.9555508774411997,0.003452199104689646,0.47559576142983867,0.32276202452398284,-0.06559540464852147
H3K27ac_Tc-Mem,gDMR_NK-cell2,0.0015109562664585797,0.8699986550688846,0.012592046164686102,0.00249770321598255,2.6024591669700596,-0.20091492418685875
H3K27ac_Tc-Mem,gDMR_Tc-Mem,0.12998312909842852,1.033609042760458,0.003237790911410992,0.17450773685590126,0.7581853136942619,0.04769059694072256
H3K27ac_Tc-Mem,gDMR_Tc-Naive,1.9603777165869672e-84,0.5444605774246537,0.05551382417032692,1.7643399449282706e-83,82.753417733273,-0.8771005029019426
H3K27ac_Tc-Mem,gDMR_Th-Mem,0.0020382423269311267,0.8956097963151554,0.008410502548148095,0.0032909826275366364,2.482674410256489,-0.15905778619439725
H3K27ac_Tc-Mem,gDMR_Th-Naive,4.333812937063181e-195,0.4198158913401869,0.07841434171629258,1.1085437302172135e-193,100.0,-1.2521713167190431
H3K4me3_Tc-Mem,gDMR_B-Mem,0.6456693452594995,1.0236023066697022,0.0016043441762385344,0.7164276296714994,0.14482767354539305,0.033655303581429895
H3K4me3_Tc-Mem,gDMR_B-Naive,6.056163823284556e-22,0.5929434477219373,0.04420827326934054,2.5156372804412774e-21,20.599351977876562,-0.7540335813162887
H3K4me3_Tc-Mem,gDMR_Monocyte,0.45069974365285714,1.032118970773646,0.0021750646874846877,0.5368629299394329,0.27013658277276437,0.04560927759499803
H3K4me3_Tc-Mem,gDMR_NK-cell1,0.5168278488922786,0.9657446515237783,0.0025975890839382647,0.5965244866377881,0.22437172434333988,-0.05028631232556173
H3K4me3_Tc-Mem,gDMR_NK-cell2,1.062025997465917e-05,0.8082956847405441,0.017480201267331685,2.1208919237665076e-05,4.673481461661521,-0.3070449493426764
H3K4me3_Tc-Mem,gDMR_Tc-Mem,1.322642913715526e-24,0.7838998172767997,0.021894879297148524,5.951893111719867e-24,23.22534487675772,-0.35125880579336705
H3K4me3_Tc-Mem,gDMR_Tc-Naive,6.055532307074849e-90,0.5029807321343039,0.057337135598679236,5.885977402476753e-89,88.2301814095824,-0.9914249596412694
H3K4me3_Tc-Mem,gDMR_Th-Mem,1.1384712865474694e-08,0.7991308095452747,0.015565367926214027,2.7803871621209554e-08,7.555894725425276,-0.3234964179721591
H3K4me3_Tc-Mem,gDMR_Th-Naive,3.950164213077758e-168,0.4108261202729901,0.07273239337418663,9.141808607408527e-167,100.0,-1.2834001839461395
H3K27ac_B-Mem,gDMR_B-Mem,0.039388513792623314,1.0802212993431726,0.0071883711325555315,0.05613729531734584,1.2507485154110243,0.11132690012890822
H3K27ac_B-Mem,gDMR_B-Naive,1.1510257109485294e-14,0.7192029639620612,0.03545150856690305,3.6639302184536094e-14,13.436052806300347,-0.47552912842243844
H3K27ac_B-Mem,gDMR_Monocyte,0.6815160096273236,0.986163680750767,0.00118347697393698,0.7544801382206817,0.12235218859176593,-0.020100973832569324
H3K27ac_B-Mem,gDMR_NK-cell1,0.5117785433424928,1.0287115894281387,0.002628956553646003,0.5950343829293099,0.22545793866633299,0.040838563549859444
H3K27ac_B-Mem,gDMR_NK-cell2,0.002451750135263624,0.8868035958432191,0.01202313515985045,0.0038812722011013724,2.411025898282696,-0.17331347477837325
H3K27ac_B-Mem,gDMR_Tc-Mem,1.484278555541207e-13,0.8671403564455252,0.01579917459332912,4.452835666623621e-13,12.35136333235485,-0.20566256607778202
H3K27ac_B-Mem,gDMR_Tc-Naive,1.4989313137862522e-72,0.6012933713794592,0.051363021285540475,1.1563184420636804e-71,70.93692254776133,-0.7338590404456709
H3K27ac_B-Mem,gDMR_Th-Mem,3.192922658298288e-09,0.8356973000320427,0.01614522477352248,7.998765009963752e-09,8.096977061853224,-0.25894762007267386
H3K27ac_B-Mem,gDMR_Th-Naive,1.444159408371842e-171,0.4753721403183993,0.07348114288677661,3.509307362343576e-170,100.0,-1.072870739781689
H3K4me3_B-Mem,gDMR_B-Mem,0.7955061616368435,0.9849205008044607,0.0009043183801829655,0.855345120698022,0.06785861770160193,-0.021920814708032827
H3K4me3_B-Mem,gDMR_B-Naive,5.3826354107760766e-18,0.6073164920226057,0.03969210626359222,1.923500595321451e-17,16.715907674943452,-0.7194795479681579
H3K4me3_B-Mem,gDMR_Monocyte,0.15345154843307987,1.06422649077609,0.00411639429133943,0.2026561210284696,0.6932402742872454,0.0898052207135939
H3K4me3_B-Mem,gDMR_NK-cell1,0.8137166336828514,0.9854752871985067,0.0009442146972459385,0.8729940043484896,0.05898873898321373,-0.021108401683739102
H3K4me3_B-Mem,gDMR_NK-cell2,0.003809418589132453,0.8554593784134689,0.011484509758731259,0.005933902033071706,2.2266596280305655,-0.225228745085405
H3K4me3_B-Mem,gDMR_Tc-Mem,1.817746460659974e-24,0.7687299423638686,0.02182899516658859,8.104814494318783e-24,23.0912569209778,-0.37945123173308115
H3K4me3_B-Mem,gDMR_Tc-Naive,3.5987741881387804e-59,0.5384267721036895,0.04624858887101625,2.463386275261193e-58,57.6084674825738,-0.8931779482731512
H3K4me3_B-Mem,gDMR_Th-Mem,2.036546647603856e-08,0.7898889176233497,0.01529318377194181,4.8756732548545516e-08,7.311965406492625,-0.34027831408112363
H3K4me3_B-Mem,gDMR_Th-Naive,5.800956230345311e-113,0.445423987971631,0.05944163911955701,7.228883917814927e-112,100.0,-1.1667488394203471
H3K4me3_NK-cell2,gDMR_B-Mem,0.19719225914855978,1.0618883165698343,0.004499803818980447,0.2562444864871659,0.591345470380912,0.08663203958493924
H3K4me3_NK-cell2,gDMR_B-Naive,7.851900006677361e-22,0.6096131012390233,0.044085573893155254,3.2067423556682332e-21,20.49393593187277,-0.7140341866600239
H3K4me3_NK-cell2,gDMR_Monocyte,0.8452703769183649,1.0084497040392322,0.0005627825660790106,0.8969462951579156,0.04723355964800486,0.012139131999820611
H3K4me3_NK-cell2,gDMR_NK-cell1,0.36766511966090765,0.9550575104933694,0.0036098390364263017,0.4535158582619318,0.343407522197634,-0.06634048466522051
H3K4me3_NK-cell2,gDMR_NK-cell2,6.368158687482925e-06,0.8136630415870286,0.017915361288139205,1.2949477498396242e-05,4.88774775468244,-0.2974966331679233
H3K4me3_NK-cell2,gDMR_Tc-Mem,2.1308265516935753e-25,0.7872937362863611,0.022269470289451084,9.957516385798824e-25,24.0018489702557,-0.3450260947073412
H3K4me3_NK-cell2,gDMR_Tc-Naive,1.6182934202152618e-87,0.5141690727746447,0.05654128634467238,1.4839445324992778e-86,85.8285823319948,-0.9596852600882607
H3K4me3_NK-cell2,gDMR_Th-Mem,4.199054550502179e-08,0.8152799954632104,0.014947998414113817,9.764308667674923e-08,7.010358500194104,-0.29463247886462157
H3K4me3_NK-cell2,gDMR_Th-Naive,1.0583113753100623e-157,0.43061069250615075,0.07041207974513732,2.2362579495682187e-156,100.0,-1.2155439513365243
H3K4me3_B-Naive,gDMR_B-Mem,0.9628186886752199,0.9970888836312384,0.0001626608625433891,0.9768891079251709,0.010154732647168518,-0.0042059781692735335
H3K4me3_B-Naive,gDMR_B-Naive,6.981736251982873e-21,0.6426346055896558,0.043039532733470824,2.7751844638399275e-20,19.556708144445714,-0.6379294234955112
H3K4me3_B-Naive,gDMR_Monocyte,0.9958039445042273,1.0008544248780935,1.5165635765446502e-05,0.9999188368368893,3.525014439874614e-05,0.0012321482203191665
H3K4me3_B-Naive,gDMR_NK-cell1,0.6196460957366853,1.0246701556047864,0.00198894344171376,0.6907064278165803,0.16070650236611003,0.03515957660273358
H3K4me3_B-Naive,gDMR_NK-cell2,0.0002532338021797178,0.8489202529190837,0.014522569757129363,0.000449166525034098,3.347592617803935,-0.23629906068725035
H3K4me3_B-Naive,gDMR_Tc-Mem,1.6428649582776444e-37,0.7552425496008255,0.027370277632744165,9.0730951104879e-37,36.042244536522304,-0.4049880479195269
H3K4me3_B-Naive,gDMR_Tc-Naive,2.349251478514083e-80,0.5391414915588311,0.054124892849696946,2.0388146759961508e-79,78.69062224889086,-0.8912641532969303
H3K4me3_B-Naive,gDMR_Th-Mem,9.518495474383127e-13,0.7770950314667293,0.019460607898781967,2.786740241295301e-12,11.554903511024637,-0.36383705733246596
H3K4me3_B-Naive,gDMR_Th-Naive,6.371652241662793e-157,0.4488311866921788,0.07023553269999008,1.2902595789367156e-155,100.0,-1.1557551708948373
H3K4me3_Th-Naive,gDMR_B-Mem,0.351771014381665,1.0366433548429186,0.0032491164747487722,0.43723967516493406,0.3592804370164382,0.051919636968484645
H3K4me3_Th-Naive,gDMR_B-Naive,5.294899765572724e-24,0.6507632376225592,0.04639182703473052,2.339382987334858e-23,22.630898672731124,-0.619795341107492
H3K4me3_Th-Naive,gDMR_Monocyte,0.8697672771359721,1.0059629643091215,0.0004728024743656999,0.9110062428622466,0.04047864692235268,0.008577191633380244
H3K4me3_Th-Naive,gDMR_NK-cell1,0.8866919595406595,1.006841279844923,0.0005709801187595536,0.9227672212778597,0.03490784097255945,0.00983627239291664
H3K4me3_Th-Naive,gDMR_NK-cell2,2.054413428766357e-06,0.8300097797009183,0.018844966691604622,4.303641924053662e-06,5.366163870445033,-0.2687997595809391
H3K4me3_Th-Naive,gDMR_Tc-Mem,5.825887334943521e-41,0.772906653542682,0.028659507774806275,3.2923037730029668e-40,39.48250010029681,-0.3716339092016975
H3K4me3_Th-Naive,gDMR_Tc-Naive,1.5889418585807793e-129,0.509801089133138,0.06903866927519613,2.49105078474277e-128,100.0,-0.9719936393669912
H3K4me3_Th-Naive,gDMR_Th-Mem,2.2740221877540875e-14,0.7896008747806386,0.020815200327773446,6.994777109167636e-14,13.15522611988564,-0.3408045067635304
H3K4me3_Th-Naive,gDMR_Th-Naive,5.66532651921343e-295,0.38987813769432433,0.09660015060463105,9.177828961125757e-293,100.0,-1.358904836597775
H3K4me3_Tc-Naive,gDMR_B-Mem,0.5142280842706428,1.0267633304951325,0.002275974814233398,0.5964554867673805,0.22442196200645495,0.038103677985949394
H3K4me3_Tc-Naive,gDMR_B-Naive,2.436790552534921e-35,0.5735032609960484,0.05695858381915679,1.2598725622680547e-34,33.89967338210689,-0.8021264053167905
H3K4me3_Tc-Naive,gDMR_Monocyte,1.0,1.0002651904593824,0.0,1.0,-0.0,0.0003825382401378735
H3K4me3_Tc-Naive,gDMR_NK-cell1,0.3104899687942209,1.0447831508601286,0.004064001951716186,0.3899176352299519,0.40902712205783565,0.06320353594937166
H3K4me3_Tc-Naive,gDMR_NK-cell2,9.134757642481993e-07,0.8188514740765973,0.019485649171552787,1.9819161670742182e-06,5.702914719652495,-0.2883262999748565
H3K4me3_Tc-Naive,gDMR_Tc-Mem,1.88722696458156e-77,0.6871801912869933,0.039833880565481115,1.554563228451929e-76,75.80839160928542,-0.5412396450581223
H3K4me3_Tc-Naive,gDMR_Tc-Naive,2.703860898402413e-141,0.47620470564842066,0.0721541678385365,4.69312998794133e-140,100.0,-1.0703462181218317
H3K4me3_Tc-Naive,gDMR_Th-Mem,1.8192565662419595e-19,0.745764103949825,0.024603954963509818,6.961879458217263e-19,18.157273500598453,-0.4232087377059432
H3K4me3_Tc-Naive,gDMR_Th-Naive,6.632678722855682e-267,0.3869404674858081,0.09185356488298331,6.446963718615723e-265,100.0,-1.369816476501466
H3K4me3_NK-cell1,gDMR_B-Mem,0.9447209222798202,1.0039797989419659,0.00024194116377099215,0.9632978592526177,0.01623940485014602,0.005730241141825219
H3K4me3_NK-cell1,gDMR_B-Naive,4.289510525182073e-23,0.6139686430132898,0.04544069291258442,1.844869128529635e-22,21.73403443642813,-0.7037631196248563
H3K4me3_NK-cell1,gDMR_Monocyte,0.7581037359478257,1.0119162561569564,0.0008881135779706488,0.8260951024005454,0.08296995259456429,0.017089900875912424
H3K4me3_NK-cell1,gDMR_NK-cell1,0.3554318020150242,0.9568346389751406,0.003703001214931603,0.440662897396178,0.3558935143515275,-0.06365847649151445
H3K4me3_NK-cell1,gDMR_NK-cell2,4.112708942088593e-08,0.7913710758900839,0.021773899062883188,9.609502624303154e-08,7.017299090282611,-0.33757375820008306
H3K4me3_NK-cell1,gDMR_Tc-Mem,3.0781308850741312e-18,0.831837119598888,0.01862172796917492,1.1163967239895728e-17,16.952181446597002,-0.26562703016473144
H3K4me3_NK-cell1,gDMR_Tc-Naive,2.861912538783922e-111,0.5021670017739711,0.06390739311649206,3.477223734622465e-110,100.0,-0.9937608650456968
H3K4me3_NK-cell1,gDMR_Th-Mem,1.911464305914892e-08,0.8214990452396769,0.01532307133237616,4.598869567696226e-08,7.3373489076325455,-0.2836691964360344
H3K4me3_NK-cell1,gDMR_Th-Naive,2.7361170989923045e-216,0.40490920639103556,0.0826088842134153,9.498235072216142e-215,100.0,-1.304329649048358
H3K9me3_B-Mem,gDMR_B-Mem,0.5628043156728062,0.9523902048986697,0.0020192054828372676,0.6375825114615007,0.1954636039079472,-0.07037531196998341
H3K9me3_B-Mem,gDMR_B-Naive,0.5679946564952705,0.948106211833267,0.0026217006108172802,0.641966053620236,0.19248793628503127,-0.07687940844111568
H3K9me3_B-Mem,gDMR_Monocyte,0.855465808522941,0.9864103866337255,0.0005252719491956656,0.903818223787281,0.04391890618863577,-0.019740103879300534
H3K9me3_B-Mem,gDMR_NK-cell1,0.5720578188466128,0.9508744254548802,0.0022641184238347857,0.6450582365648581,0.19040107501272924,-0.07267326666750965
H3K9me3_B-Mem,gDMR_NK-cell2,0.4633929891550309,0.9391810963340681,0.0029103795896984687,0.5491337573564281,0.2603218577238986,-0.09052472444999976
H3K9me3_B-Mem,gDMR_Tc-Mem,0.02106800338188637,0.9135401810572154,0.004932620486962797,0.031027423162414473,1.5082542912161547,-0.1304599092889914
H3K9me3_B-Mem,gDMR_Tc-Naive,8.333006824067747e-10,0.6903207804765448,0.01750196498592965,2.1314954297352237e-09,8.671315594212205,-0.5346611810239964
H3K9me3_B-Mem,gDMR_Th-Mem,1.853858692901058e-06,0.7395950775275688,0.013002472638286742,3.917284020651801e-06,5.407014939013775,-0.4351924721601241
H3K9me3_B-Mem,gDMR_Th-Naive,1.42479690061905e-11,0.6712826699297615,0.017777820772853573,3.9568645354334756e-11,10.402648817694747,-0.5750076971171212
H3K9me3_NK-cell1,gDMR_B-Mem,0.4296075664434099,0.9524417940091413,0.0027560883156861394,0.5155290797320918,0.2877468322020246,-0.07029716612415322
H3K9me3_NK-cell1,gDMR_B-Naive,0.912830601323379,0.9906961854950362,0.0005026111029035963,0.9399060852609369,0.026915538624304663,-0.013485397597502108
H3K9me3_NK-cell1,gDMR_Monocyte,0.058462175742978115,0.9094116801963579,0.005456676690635952,0.08259481805548652,1.083047199174816,-0.13699456116652448
H3K9me3_NK-cell1,gDMR_NK-cell1,0.0029736813146150625,0.8271792215129887,0.011902940562339781,0.004692237399035456,2.328620023307805,-0.2737281488339731
H3K9me3_NK-cell1,gDMR_NK-cell2,0.00010113207273301879,0.7818826332945381,0.015431052200767228,0.00018617495207669368,3.730078749276349,-0.35497603092475516
H3K9me3_NK-cell1,gDMR_Tc-Mem,0.11799165400676759,1.0449114219456497,0.0033427630511756717,0.15973243411501126,0.7966068902047756,0.06338064897020379
H3K9me3_NK-cell1,gDMR_Tc-Naive,1.8440336331400707e-11,0.7402673783063947,0.019153998695332086,5.034833402843114e-11,10.298014895204297,-0.43388164078859875
H3K9me3_NK-cell1,gDMR_Th-Mem,1.5007075402496654e-18,0.6607975321130511,0.023965840393871177,5.567510416498759e-18,17.254338961752623,-0.597719796167097
H3K9me3_NK-cell1,gDMR_Th-Naive,2.2300393585115535e-23,0.6482672172309981,0.026217211344809952,9.676777930684062e-23,22.014269225322266,-0.6253394769805233
H3K27me3_Th-Mem,gDMR_B-Mem,0.0016965217130393165,0.8669775980037505,0.01095222042266143,0.0027855052450577967,2.555096019434833,-0.20593337902553824
H3K27me3_Th-Mem,gDMR_B-Naive,1.9106421324850986e-06,0.7901722949645882,0.02186705687184336,4.019792538475143e-06,5.395796360278821,-0.3397608314848402
H3K27me3_Th-Mem,gDMR_Monocyte,0.0287744339486999,1.0851247211109587,0.006305499146271032,0.041620163390083786,1.380696219192328,0.11786087141380974
H3K27me3_Th-Mem,gDMR_NK-cell1,0.07484761838587115,1.0832454174981188,0.007138276847667266,0.10482980557790599,0.9795152196648708,0.11536013352487735
H3K27me3_Th-Mem,gDMR_NK-cell2,0.04389569381892525,0.9087115773674243,0.00799794538931391,0.062378091216367455,1.2049679188844542,-0.13810563537465084
H3K27me3_Th-Mem,gDMR_Tc-Mem,9.845312414244158e-70,0.6640851775385667,0.037745499642352465,7.14152512436218e-69,68.14620903159013,-0.5905597970932692
H3K27me3_Th-Mem,gDMR_Tc-Naive,5.401719545001973e-37,0.6382486243444635,0.036230441593064974,2.9169285543010656e-36,35.535074208126396,-0.6478095717787586
H3K27me3_Th-Mem,gDMR_Th-Mem,1.2733826922067982e-30,0.6580610559087433,0.03136430244896269,6.380041117654679e-30,29.195176522358306,-0.6037066492698523
H3K27me3_Th-Mem,gDMR_Th-Naive,2.543960818240701e-50,0.5997475876147667,0.03925725063443536,1.5454561970812259e-49,48.81094329964985,-0.7375726453585856
H3K36me3_Tc-Mem,gDMR_B-Mem,3.9913942999992126e-13,1.4651558558944546,0.025318012570288626,1.1756470483634044e-12,11.929723042167517,0.551054139436779
H3K36me3_Tc-Mem,gDMR_B-Naive,0.02550692037219863,1.1491504626059463,0.010255435933380894,0.03700406955489114,1.4317505113912592,0.20056770785679584
H3K36me3_Tc-Mem,gDMR_Monocyte,0.5951210045545682,1.029638708564364,0.0015325100358556493,0.6664258253767744,0.1762481814672572,0.04213819682598603
H3K36me3_Tc-Mem,gDMR_NK-cell1,0.0003295499560611827,1.2857839173013452,0.014389140229305326,0.0005781995618979595,3.23792224173034,0.3626482106042804
H3K36me3_Tc-Mem,gDMR_NK-cell2,2.5465590340440724e-05,1.2809708331605119,0.016712151887824586,4.8725499627772414e-05,4.312243698963094,0.3572376268632146
H3K36me3_Tc-Mem,gDMR_Tc-Mem,1.2309552523478501e-05,1.137779587662187,0.009348844565110025,2.4220415086682398e-05,4.6158184182404085,0.18622110370314507
H3K36me3_Tc-Mem,gDMR_Tc-Naive,9.39432724332307e-05,0.8462885225938994,0.011136012122581945,0.00017359859468650234,3.7604537948413683,-0.24077849401035256
H3K36me3_Tc-Mem,gDMR_Th-Mem,0.16689386920655996,1.0624868448714269,0.0037688636097957763,0.21862647017355294,0.6602972570507641,0.0874449787032834
H3K36me3_Tc-Mem,gDMR_Th-Naive,0.0008683797264598818,0.8716850487149381,0.008763498596958682,0.0014653907884010506,2.834046542808728,-0.19812113045132068
H3K9me3_NK-cell2,gDMR_B-Mem,0.03574369317070366,0.9218945046929531,0.00732698900662734,0.051243170740300825,1.2903640055391317,-0.11732642694880721
H3K9me3_NK-cell2,gDMR_B-Naive,0.7763803820572655,0.9875621642213149,0.001304126106877848,0.8422340751781942,0.07456719183703989,-0.018056530314232974
H3K9me3_NK-cell2,gDMR_Monocyte,0.09200487629052741,0.9481151955964824,0.004858873384592991,0.12702945987839864,0.8960955485012978,-0.0768657382751861
H3K9me3_NK-cell2,gDMR_NK-cell1,2.9175635301930632e-06,0.8225606874630218,0.01873946909886649,6.008202863024698e-06,5.221255412088303,-0.281805971939697
H3K9me3_NK-cell2,gDMR_NK-cell2,0.0008366426147391032,0.8783185204238332,0.013258080431572054,0.0014217073802909237,2.8471897820889174,-0.18718386981648447
H3K9me3_NK-cell2,gDMR_Tc-Mem,0.21192659808721323,0.9773998345965321,0.002669245193755495,0.2746568711210284,0.5612095317140945,-0.03297923444722304
H3K9me3_NK-cell2,gDMR_Tc-Naive,8.06909827464428e-29,0.7270569958581105,0.03176058775355958,4.0016140423235924e-28,27.39776480159994,-0.45985962975384714
H3K9me3_NK-cell2,gDMR_Th-Mem,6.329785392854044e-37,0.6848539550667476,0.034613383853200445,3.3805227482715e-36,35.47101613725617,-0.5461317283689909
H3K9me3_NK-cell2,gDMR_Th-Naive,5.768804460104424e-63,0.621766872905981,0.04407741262658354,4.06324488059529e-62,61.39112700315071,-0.6855543414560528
H3K27me3_B-Naive,gDMR_B-Mem,0.1397372243700947,0.9308117437796689,0.005152928329312195,0.18657222814248905,0.7291530018654868,-0.10343868196768409
H3K27me3_B-Naive,gDMR_B-Naive,3.877830010838441e-05,0.8061218348209263,0.018891798626794968,7.361817911201103e-05,4.133014928690298,-0.31093019508129355
H3K27me3_B-Naive,gDMR_Monocyte,0.42831983105688387,0.9669773167960504,0.0022841312236737783,0.5152560343902118,0.28797691330513087,-0.04844604730486835
H3K27me3_B-Naive,gDMR_NK-cell1,0.0189748356189495,1.120245012827874,0.009400810619625173,0.028115152776858103,1.5510595522055772,0.16381430383073545
H3K27me3_B-Naive,gDMR_NK-cell2,0.020937036018820968,0.8878195092285848,0.009164970727154755,0.03092826597309116,1.5096444285072854,-0.17166168363583906
H3K27me3_B-Naive,gDMR_Tc-Mem,2.9270168030577623e-51,0.6865181704897927,0.03220520083794202,1.8237566234436829e-50,49.739033117842936,-0.5426301893313095
H3K27me3_B-Naive,gDMR_Tc-Naive,9.352203409956676e-37,0.6174026095920864,0.036107825106146144,4.9404031056945046e-36,35.30623761394348,-0.6957165140438076
H3K27me3_B-Naive,gDMR_Th-Mem,2.2884413502242204e-27,0.649282265334819,0.02954938517977106,1.1234166628373446e-26,25.9494591388321,-0.6230822911328264
H3K27me3_B-Naive,gDMR_Th-Naive,2.3681627418034445e-51,0.5755501415698046,0.039672068365446206,1.4947105097616547e-50,49.82544291181259,-0.796986474361405
H3K9me3_Th-Mem,gDMR_B-Mem,0.848114122312279,1.0097137639784295,0.00066829333575238,0.8980031883306484,0.046722121381750234,0.013946372367651784
H3K9me3_Th-Mem,gDMR_B-Naive,0.7554279153403076,1.0165825301044904,0.0014301642578487225,0.8256111063799235,0.08322447341178713,0.023727343504565148
H3K9me3_Th-Mem,gDMR_Monocyte,0.752592956978723,0.9872065357060974,0.0009090216824364374,0.8256111063799235,0.08322447341178713,-0.01857614914439601
H3K9me3_Th-Mem,gDMR_NK-cell1,0.5871239553821643,0.9718753537464988,0.00217590180836351,0.658989012276517,0.18112182660092124,-0.041156799639613384
H3K9me3_Th-Mem,gDMR_NK-cell2,0.9520799033644646,1.0038148472151291,0.0002385195194670436,0.9680142950525727,0.014118229244694459,0.005493189968006913
H3K9me3_Th-Mem,gDMR_Tc-Mem,1.2105624924606044e-09,0.8679302798819722,0.012998559213669481,3.080279431077768e-09,8.511409884190941,-0.2043489380567438
H3K9me3_Th-Mem,gDMR_Tc-Naive,1.0783899485686758e-21,0.7161206862107087,0.027283443088648652,4.367479291703137e-21,20.359769145536877,-0.4817253527534187
H3K9me3_Th-Mem,gDMR_Th-Mem,7.572231254760488e-19,0.7243818871480352,0.02417450055503733,2.830849530625844e-18,17.54808321426457,-0.46517762210618985
H3K9me3_Th-Mem,gDMR_Th-Naive,4.677526493869205e-22,0.7206283841269869,0.025408920954813966,1.976763370452551e-21,20.704045315035014,-0.4726726170988307
H3K27me3_Tc-Mem,gDMR_B-Mem,0.0018946017224709569,0.9045088626765334,0.01083879780135816,0.0030795198565915886,2.5115169912553785,-0.1447934559691577
H3K27me3_Tc-Mem,gDMR_B-Naive,3.939088839016569e-05,0.866245180404701,0.018875191436864853,7.449016248101372e-05,4.12790107842371,-0.2071526744491473
H3K27me3_Tc-Mem,gDMR_Monocyte,6.644156505400918e-05,1.1119265801105822,0.011502356223327946,0.00012324656723758956,3.9092251682011114,0.15306153086061938
H3K27me3_Tc-Mem,gDMR_NK-cell1,2.867560670562528e-05,1.1374861668026321,0.016764747961230984,5.465233278013289e-05,4.2623912958932895,0.18584900051432926
H3K27me3_Tc-Mem,gDMR_NK-cell2,1.6211118151121558e-05,0.8634904703829251,0.01711270997973457,3.126429929144872e-05,4.5049513004638,-0.21174783885540893
H3K27me3_Tc-Mem,gDMR_Tc-Mem,2.0922422956484165e-166,0.630248998923398,0.05879043689460325,4.621953434932411e-165,100.0,-0.666006173353561
H3K27me3_Tc-Mem,gDMR_Tc-Naive,2.3172969103135572e-76,0.6247783909868013,0.052729505319087565,1.8770104973539815e-75,74.72653329853999,-0.6785835385830425
H3K27me3_Tc-Mem,gDMR_Th-Mem,7.453271859863096e-72,0.6256245580067706,0.04887590287741126,5.572754036759176e-71,70.25393012486693,-0.6766309501781562
H3K27me3_Tc-Mem,gDMR_Th-Naive,1.330548732407971e-95,0.5989483150035336,0.05459660021185038,1.4369926310006088e-94,93.84254545895274,-0.7394965808636906
H3K9me3_B-Naive,gDMR_B-Mem,0.6412664984496484,0.9705234546864979,0.001625775857326687,0.7131705223032704,0.14680661595321662,-0.04316501584743305
H3K9me3_B-Naive,gDMR_B-Naive,0.43197950814525954,1.0546431750845664,0.00360793148978933,0.5170986230507294,0.2864266186817424,0.07675496422881901
H3K9me3_B-Naive,gDMR_Monocyte,0.023545231492324556,0.8857072889883293,0.006530162701902483,0.03446681477490884,1.4625988497396663,-0.17509810321486005
H3K9me3_B-Naive,gDMR_NK-cell1,0.2196115920891698,1.0835228208573326,0.004918990215325457,0.2831067208364364,0.5480498205411775,0.11572953939465708
H3K9me3_B-Naive,gDMR_NK-cell2,0.17424002363941732,0.917237164987767,0.005392748904327257,0.22763615991601296,0.6427587492864868,-0.12463328308108645
H3K9me3_B-Naive,gDMR_Tc-Mem,0.007362568093810445,0.9216640428695,0.005730688674110653,0.01121695327144789,1.9501250893437876,-0.11768712732578367
H3K9me3_B-Naive,gDMR_Tc-Naive,2.2168775696379144e-13,0.7142451929146227,0.020913626617289446,6.609831281251695e-13,12.179809625923822,-0.4855086734654039
H3K9me3_B-Naive,gDMR_Th-Mem,3.324034020852288e-11,0.7277783897364475,0.01808136710528453,8.974891856301177e-11,10.046970775785255,-0.4584288816892777
H3K9me3_B-Naive,gDMR_Th-Naive,3.1372522267134382e-18,0.67634629657031,0.022912248495571295,1.1294108016168377e-17,16.947148063013028,-0.5641659838496413
H3K27me3_Th-Naive,gDMR_B-Mem,0.00014933103485490292,0.8623093626130273,0.013232137932561372,0.0002697951038642484,3.568965935998561,-0.2137225505871461
H3K27me3_Th-Naive,gDMR_B-Naive,0.0004392992297237869,0.8650694895269326,0.016139893625737155,0.000767983545488347,3.114648084890581,-0.20911206830071755
H3K27me3_Th-Naive,gDMR_Monocyte,1.1177876918523236e-05,1.1467486932028021,0.012668412289351809,2.2083122692692244e-05,4.655939514624223,0.19754926337286183
H3K27me3_Th-Naive,gDMR_NK-cell1,0.0001613371676579431,1.1501887562862776,0.01511862175520689,0.00029040690178429757,3.536993066445713,0.20187063978881067
H3K27me3_Th-Naive,gDMR_NK-cell2,0.004760034653905947,0.8923494492567675,0.011203950911700143,0.0073208127905009185,2.1354406988823933,-0.16431930628538896
H3K27me3_Th-Naive,gDMR_Tc-Mem,6.725698656407277e-93,0.6668606507076057,0.04371705583171153,6.95465861066795e-92,91.15772418373692,-0.5845427720628795
H3K27me3_Th-Naive,gDMR_Tc-Naive,2.1905116015432772e-44,0.6516671992183433,0.039847820616329695,1.2524572215882738e-43,42.9022370987904,-0.6177927141972004
H3K27me3_Th-Naive,gDMR_Th-Mem,6.956518424738936e-45,0.6429575640238538,0.03832853073423583,4.0248428028846703e-44,43.39525107707821,-0.6372045738079586
H3K27me3_Th-Naive,gDMR_Th-Naive,9.07906688003189e-73,0.5815969776824285,0.04748105464269189,7.233486071631965e-72,71.14065235045179,-0.7819083226963985
H3K27me3_B-Mem,gDMR_B-Mem,1.068289786225892e-05,0.821611164224727,0.015363029354503012,2.1208919237665076e-05,4.673481461661521,-0.2834723094554281
H3K27me3_B-Mem,gDMR_B-Naive,1.7866225192911405e-06,0.7974845594936365,0.021929134315854797,3.825103719715834e-06,5.417356784225517,-0.3264715084958817
H3K27me3_B-Mem,gDMR_Monocyte,1.0691739121868196e-05,1.1657001896871928,0.012696249939401156,2.1208919237665076e-05,4.673481461661521,0.22119678470542004
H3K27me3_B-Mem,gDMR_NK-cell1,0.002328570833466493,1.1374984061851054,0.012200774199498466,0.00369831838256443,2.4319957038207365,0.18586452386917537
H3K27me3_B-Mem,gDMR_NK-cell2,4.781640050774609e-05,0.8260701939989193,0.01613830142159958,8.937988710294077e-05,4.048760198239106,-0.2756637173207857
H3K27me3_B-Mem,gDMR_Tc-Mem,2.232058931510634e-135,0.5582549965561966,0.05295198754751617,3.615935469047227e-134,100.0,-0.8410038362116027
H3K27me3_B-Mem,gDMR_Tc-Naive,1.9642433031848154e-49,0.5978043297279787,0.0421414932158431,1.1641734699363661e-48,47.93398230196878,-0.7422547488006582
H3K27me3_B-Mem,gDMR_Th-Mem,1.9846563741627398e-37,0.6272193745764327,0.03486010780444961,1.0837561773517882e-36,35.96506841405354,-0.6729579704252695
H3K27me3_B-Mem,gDMR_Th-Naive,1.0869998907785017e-72,0.5414689858636084,0.04745486727181148,8.520676563199223e-72,71.06952591978747,-0.8850493890429783
H3K27me3_Monocyte,gDMR_B-Mem,0.0004987244593500593,0.8671657979140821,0.01214787016310746,0.0008656431687290314,3.0626610938810694,-0.2056202387407887
H3K27me3_Monocyte,gDMR_B-Naive,1.3984189497920697e-14,0.7111988093925338,0.03533741397050829,4.384720061928683e-14,13.358058128510141,-0.49167518591220605
H3K27me3_Monocyte,gDMR_Monocyte,1.4845353226505768e-05,1.1523275333157064,0.012489432034075869,2.8744389115863755e-05,4.541446916672854,0.2045508413711491
H3K27me3_Monocyte,gDMR_NK-cell1,0.02386942038252022,1.0958984983686983,0.00905299061862634,0.034732150616481515,1.4592683243208724,0.13211418271328856
H3K27me3_Monocyte,gDMR_NK-cell2,0.00014932316256719067,0.8490437486015916,0.01505134543373262,0.0002697951038642484,3.568965935998561,-0.23608920157494886
H3K27me3_Monocyte,gDMR_Tc-Mem,8.154302228218333e-202,0.5063274753395639,0.06481538959894856,2.20166160161895e-200,100.0,-0.9818573221532786
H3K27me3_Monocyte,gDMR_Tc-Naive,3.6968328766109287e-72,0.549846806803468,0.05122038428718798,2.8072824656764237e-71,70.55171388693351,-0.8628983705229707
H3K27me3_Monocyte,gDMR_Th-Mem,4.3514348188780095e-40,0.6423281194494049,0.0361349721918434,2.430801519511164e-39,38.61425050084409,-0.6386176396350303
H3K27me3_Monocyte,gDMR_Th-Naive,1.6910047953001292e-90,0.5194071456733704,0.053088469501538116,1.677200674522169e-89,88.7754149716076,-0.945062233053132
H3K27me3_NK-cell2,gDMR_B-Mem,0.46610920264373035,0.9644802938935155,0.0025431029703500015,0.5491337573564281,0.2603218577238986,-0.05217633322525519
H3K27me3_NK-cell2,gDMR_B-Naive,6.035433711426166e-07,0.7644406187551906,0.022911255458603497,1.3212706233122149e-06,5.879008220860833,-0.38752365655135296
H3K27me3_NK-cell2,gDMR_Monocyte,0.0008793108142572709,1.1397647161691125,0.009592909308415077,0.0014787026149793551,2.8301191591063395,0.18873603680270984
H3K27me3_NK-cell2,gDMR_NK-cell1,0.5570525305161336,1.0311485266361384,0.0023530832323643306,0.6331558731225241,0.19848936027711936,0.0442521534706264
H3K27me3_NK-cell2,gDMR_NK-cell2,0.0006686400203237459,0.8387767354132935,0.013503154967591581,0.0011564378999193612,2.936877683642574,-0.25364124796088316
H3K27me3_NK-cell2,gDMR_Tc-Mem,1.3842850189515254e-32,0.7448898964371623,0.025418136629791904,7.007942908442098e-32,31.154409444889286,-0.4249009009946615
H3K27me3_NK-cell2,gDMR_Tc-Naive,5.94895829242925e-48,0.5797676957405901,0.041481397317815645,3.483365939904356e-47,46.45800089897472,-0.786453145229396
H3K27me3_NK-cell2,gDMR_Th-Mem,1.41008898169248e-20,0.6857768888381431,0.025356294652895985,5.526639073407623e-20,19.257538896834127,-0.5441888096287234
H3K27me3_NK-cell2,gDMR_Th-Naive,1.3752709931665956e-58,0.5693473964243839,0.04247023046377739,9.155913735328293e-58,57.038298307789475,-0.8126188902220977
H3K9me3_Tc-Naive,gDMR_B-Mem,0.525157436835891,1.032573734718924,0.002217169968420647,0.6033723742369812,0.2194145781369908,0.04624480625986144
H3K9me3_Tc-Naive,gDMR_B-Naive,0.42758071790625585,1.0430389718595243,0.003642502359064975,0.5152560343902118,0.28797691330513087,0.060793063378366374
H3K9me3_Tc-Naive,gDMR_Monocyte,0.5826003348183455,1.0239159746253113,0.0015848808104625234,0.6554253766706387,0.1834767476734005,0.03409732865316385
H3K9me3_Tc-Naive,gDMR_NK-cell1,0.30027018753462653,1.0588645438907096,0.004150794996203126,0.3780603915591412,0.4224388201999115,0.08251804319583157
H3K9me3_Tc-Naive,gDMR_NK-cell2,0.9982129766243253,1.0013307842563457,8.88946238849029e-06,1.0,-0.0,0.001918639482483435
H3K9me3_Tc-Naive,gDMR_Tc-Mem,1.4007392714337912e-08,0.8670039982402546,0.012131380986615545,3.386862118989167e-08,7.470202483361582,-0.2058894483513393
H3K9me3_Tc-Naive,gDMR_Tc-Naive,6.128263775066737e-12,0.7758775451131162,0.019606678674484814,1.7315908108618803e-11,10.761554727549669,-0.36609912159688857
H3K9me3_Tc-Naive,gDMR_Th-Mem,1.4470754854854866e-15,0.7316256895289363,0.021762091919911446,4.784208747931608e-15,14.320189879166604,-0.45082236164694556
H3K9me3_Tc-Naive,gDMR_Th-Naive,2.1990416170336228e-16,0.7425309177213191,0.021607776527924522,7.473665915233151e-16,15.126466319707358,-0.4294769963617368
H3K27me3_NK-cell1,gDMR_B-Mem,0.023656317270382216,0.9214140717978492,0.007895170464867636,0.0345254360162335,1.4618608280788452,-0.11807846399760201
H3K27me3_NK-cell1,gDMR_B-Naive,1.8281709726837602e-06,0.8274240380306284,0.021907888354510716,3.893794770836413e-06,5.4096269424518635,-0.2733012240392024
H3K27me3_NK-cell1,gDMR_Monocyte,0.00022075295627419053,1.11691977683433,0.010652571623453897,0.0003929887793013062,3.4056198495153973,0.15952556745092955
H3K27me3_NK-cell1,gDMR_NK-cell1,0.11015838311901473,1.058632121197824,0.0064013054627885604,0.1503847589770819,0.8227961758956576,0.08220133425050845
H3K27me3_NK-cell1,gDMR_NK-cell2,0.0007747333003463688,0.88034578216024,0.013342577296481242,0.0013211241542748604,2.8790563671070317,-0.18385779815534903
H3K27me3_NK-cell1,gDMR_Tc-Mem,8.745448422562504e-90,0.6860223071105723,0.042962393394571544,8.333897908559562e-89,88.07915182401563,-0.5436726061939929
H3K27me3_NK-cell1,gDMR_Tc-Naive,1.878010513218764e-64,0.6140641862011702,0.048331980478190414,1.3422251609181167e-63,62.87217462429973,-0.7035386310275733
H3K27me3_NK-cell1,gDMR_Th-Mem,8.833841853171673e-52,0.640161472975833,0.041280592635626466,5.649009395580833e-51,50.24802770293308,-0.6434922415265933
H3K27me3_NK-cell1,gDMR_Th-Naive,4.242548881657238e-89,0.5686308732731019,0.052667453065554246,3.9651514547796495e-88,87.4017402195144,-0.8144356639886468
H3K36me3_NK-cell2,gDMR_B-Mem,0.005995666132368818,1.162965428000947,0.009588723124208293,0.00919209381807964,2.036585551718992,0.21780820980086824
H3K36me3_NK-cell2,gDMR_B-Naive,0.08068058996985493,1.11466523074556,0.00801996218471489,0.11267461702686637,0.9481739093910102,0.15661048820697504
H3K36me3_NK-cell2,gDMR_Monocyte,0.030325237919688785,1.1063352134331397,0.006245670195243835,0.04373313243017433,1.3591894147562502,0.1457885804049352
H3K36me3_NK-cell2,gDMR_NK-cell1,0.015118078087783794,1.1677072463762364,0.009735457740235978,0.02246907018551353,1.6484148991721417,0.22367862426879975
H3K36me3_NK-cell2,gDMR_NK-cell2,0.3894796564795798,1.0530840267292982,0.0034155985514916203,0.47559576142983867,0.32276202452398284,0.07462055517578214
H3K36me3_NK-cell2,gDMR_Tc-Mem,0.0011159476462336646,1.0949813320885415,0.006969960992564877,0.0018637476153593163,2.7296128992127,0.13090627408867606
H3K36me3_NK-cell2,gDMR_Tc-Naive,0.0017525354843663833,0.878754930458639,0.008922122658928928,0.0028677853380540816,2.5424533599734267,-0.18646721610387057
H3K36me3_NK-cell2,gDMR_Th-Mem,0.00403102145926774,0.8825723205738834,0.007840971945186724,0.006259030125252785,2.203492958144808,-0.1802135929813261
H3K36me3_NK-cell2,gDMR_Th-Naive,4.1581934200042985e-12,0.7524370316004262,0.018241878642068672,1.1887541188953465e-11,10.92490796527184,-0.4103572412527407
H3K9me3_Tc-Mem,gDMR_B-Mem,0.2649698875784956,0.9369702287323889,0.0038896223861523316,0.3362281079977777,0.4733659832282808,-0.09392488642925673
H3K9me3_Tc-Mem,gDMR_B-Naive,0.45616492790556973,0.9547931388027976,0.0034213746914710783,0.542044388660408,0.2659651471130636,-0.06673989571813825
H3K9me3_Tc-Mem,gDMR_Monocyte,0.9222799078213082,1.0057666681131467,0.00028134501859141585,0.9476279813977924,0.023362123986374845,0.00829564728983356
H3K9me3_Tc-Mem,gDMR_NK-cell1,0.5158655030371386,1.0422489418746836,0.002603555078866339,0.5965244866377881,0.22437172434333988,0.059699907475712854
H3K9me3_Tc-Mem,gDMR_NK-cell2,0.004649593315055014,0.8407166202450632,0.01123379115755076,0.00717365825751345,2.144259316315093,-0.25030850066319726
H3K9me3_Tc-Mem,gDMR_Tc-Mem,0.00011291775566696549,0.8961916878376858,0.008256118415327397,0.00020708690284583104,3.6838473670729845,-0.15812074930629696
H3K9me3_Tc-Mem,gDMR_Tc-Naive,4.324965431934968e-12,0.7443054002992873,0.01974780912049364,1.229200701707833e-11,10.910377200492007,-0.4260333914405819
H3K9me3_Tc-Mem,gDMR_Th-Mem,1.1054920544104247e-10,0.7514921316948808,0.017591455791043847,2.9358969313850624e-10,9.53225919498091,-0.4121700960340821
H3K9me3_Tc-Mem,gDMR_Th-Naive,1.2380565658842577e-11,0.7567066425064667,0.01783134420407076,3.478008618611268e-11,10.458669346137022,-0.4021939854660925
H3K9me3_Th-Naive,gDMR_B-Mem,0.2819091202559494,0.9318364844530781,0.0037546529099707093,0.35586449985556207,0.44871533395686464,-0.1018512770949123
H3K9me3_Th-Naive,gDMR_B-Naive,0.08443977178904334,1.1270556212025507,0.007922332135113183,0.11758661630222081,0.9296421068046727,0.17255871555715116
H3K9me3_Th-Naive,gDMR_Monocyte,0.8821250837631138,1.0091420098492747,0.0004275902974806925,0.9199845294181831,0.03621947574662584,0.01312920961686389
H3K9me3_Th-Naive,gDMR_NK-cell1,0.1566868784534925,0.9058031111949754,0.005675299360658003,0.20636808381679497,0.6853574683531756,-0.1427306002135641
H3K9me3_Th-Naive,gDMR_NK-cell2,0.7559607867058971,0.9781919490909706,0.0012335337962235526,0.8256111063799235,0.08322447341178713,-0.031810504117128206
H3K9me3_Th-Naive,gDMR_Tc-Mem,0.24470746141144661,0.9644572477763006,0.002487520454526999,0.31296796380516595,0.5045001156634735,-0.052210806626597696
H3K9me3_Th-Naive,gDMR_Tc-Naive,8.080443384546877e-10,0.7436137288463684,0.017515902767559037,2.0778282988834827e-09,8.68239034317362,-0.427374688863784
H3K9me3_Th-Naive,gDMR_Th-Mem,9.114626194471339e-09,0.7548201762383435,0.015668267785511482,2.2372264295520562e-08,7.650290058760552,-0.40579510839578464
H3K9me3_Th-Naive,gDMR_Th-Naive,1.1173093524911658e-16,0.6832177717417106,0.02182069178630578,3.824030600779624e-16,15.41747864105688,-0.5495825923086871
