phe_id	phe_chr	phe_from	phe_to	phe_strd	n_var_in_cis	dist_phe_var	var_id	var_chr	var_from	var_to	nom_pval	r_squared	slope	best_hit	-log10p
dmr223620	chr11	65791784	65792030	+	20294	-994715	.	chr11	64797069	64797069	0.000289631	0.115021	6.56	0	3.5381549562579866
dmr223620	chr11	65791784	65792030	+	20294	-857961	.	chr11	64933823	64933823	0.0071602	0.065062	7.74302	0	2.145074846730791
dmr223620	chr11	65791784	65792030	+	20294	-693836	.	chr11	65097948	65097948	0.0088643	0.0617308	-0.106811	0	2.0523555542695453
dmr223620	chr11	65791784	65792030	+	20294	-631617	.	chr11	65160167	65160167	0.00217725	0.0836711	2.72238	0	2.6620917007766263
dmr223620	chr11	65791784	65792030	+	20294	-628900	.	chr11	65162884	65162884	0.00959907	0.0604894	6.07149	0	2.0177708412763735
dmr223620	chr11	65791784	65792030	+	20294	-612955	.	chr11	65178829	65178829	0.00136732	0.0909347	2.64702	0	2.864129833661468
dmr223620	chr11	65791784	65792030	+	20294	-611786	.	chr11	65179998	65179998	0.00992017	0.0599767	0.425035	0	2.0034808853630275
dmr223620	chr11	65791784	65792030	+	20294	-601486	.	chr11	65190298	65190298	0.00151778	0.0893059	0.120585	0	2.8187911742311993
dmr223620	chr11	65791784	65792030	+	20294	-569544	.	chr11	65222240	65222240	0.00155696	0.0889081	2.32237	0	2.8077225447873224
dmr223620	chr11	65791784	65792030	+	20294	-555866	.	chr11	65235914	65235918	0.00367498	0.0754869	0.142568	0	2.4347450200936023
dmr223620	chr11	65791784	65792030	+	20294	-526104	.	chr11	65265680	65265680	0.0012232	0.0926716	2.38577	0	2.9125025275957364
dmr223620	chr11	65791784	65792030	+	20294	-394898	.	chr11	65396886	65396886	0.00542844	0.0693875	-0.0643468	0	2.2653249580227124
dmr223620	chr11	65791784	65792030	+	20294	-390247	.	chr11	65401537	65401537	0.00880371	0.0618377	-0.0685211	0	2.055334271829059
dmr223620	chr11	65791784	65792030	+	20294	-382885	.	chr11	65408899	65408899	0.00136301	0.090984	-0.0758722	0	2.865500957863868
dmr223620	chr11	65791784	65792030	+	20294	-369081	.	chr11	65422703	65422703	0.000543484	0.105287	0.884142	0	3.2648132368840224
dmr223620	chr11	65791784	65792030	+	20294	-365798	.	chr11	65425986	65425986	0.00513167	0.0702663	0.341494	0	2.289741279379542
dmr223620	chr11	65791784	65792030	+	20294	-354849	.	chr11	65436935	65436935	0.00355631	0.0760002	0.612596	0	2.449000389034394
dmr223620	chr11	65791784	65792030	+	20294	-351324	.	chr11	65440460	65440460	0.00667569	0.0661561	-0.0542415	0	2.175503838921384
dmr223620	chr11	65791784	65792030	+	20294	-326189	.	chr11	65465595	65465595	0.00346927	0.0763877	0.281373	0	2.4597618993660504
dmr223620	chr11	65791784	65792030	+	20294	-318274	.	chr11	65473508	65473510	0.003849	0.0747634	1.20168	0	2.414652088905409
dmr223620	chr11	65791784	65792030	+	20294	-301007	.	chr11	65490777	65490777	0.00717792	0.0650234	-4.37396	0	2.144001386313752
dmr223620	chr11	65791784	65792030	+	20294	-299344	.	chr11	65492440	65492440	0.00698365	0.0654518	0.828639	0	2.1559175343193218
dmr223620	chr11	65791784	65792030	+	20294	-292336	.	chr11	65499448	65499448	0.000206712	0.120214	0.486885	0	3.6846343110722257
dmr223620	chr11	65791784	65792030	+	20294	-288605	.	chr11	65503179	65503179	0.00019568	0.121057	0.970739	0	3.70845356030779
dmr223620	chr11	65791784	65792030	+	20294	-288125	.	chr11	65503659	65503659	0.00311084	0.078093	0.279442	0	2.5071223254081856
dmr223620	chr11	65791784	65792030	+	20294	-252538	.	chr11	65539246	65539246	0.00025009	0.117283	0.471275	0	3.6019036734500074
dmr223620	chr11	65791784	65792030	+	20294	-245158	.	chr11	65546626	65546626	0.00891859	0.0616356	0.251057	0	2.04970380073852
dmr223620	chr11	65791784	65792030	+	20294	-238473	.	chr11	65553311	65553311	0.000285309	0.115252	0.467153	0	3.544684528417625
dmr223620	chr11	65791784	65792030	+	20294	-234871	.	chr11	65556913	65556913	0.000207796	0.120134	0.497189	0	3.682362816714585
dmr223620	chr11	65791784	65792030	+	20294	-205105	.	chr11	65586679	65586679	0.00606478	0.0676553	0.0530524	0	2.217184948551562
dmr223620	chr11	65791784	65792030	+	20294	-204816	.	chr11	65586968	65586968	0.00113339	0.0938602	0.0689849	0	2.945620623496162
dmr223620	chr11	65791784	65792030	+	20294	-204329	.	chr11	65587455	65587455	0.00713344	0.0651205	0.0527882	0	2.1467009872959313
dmr223620	chr11	65791784	65792030	+	20294	-202501	.	chr11	65589283	65589283	0.00596124	0.0679244	0.0513588	0	2.2246633930879085
dmr223620	chr11	65791784	65792030	+	20294	-195585	.	chr11	65596198	65596199	0.000359285	0.111694	0.0665657	0	3.4445609140316815
dmr223620	chr11	65791784	65792030	+	20294	-194626	.	chr11	65597158	65597158	0.000285195	0.115259	0.0648003	0	3.5448580927452924
dmr223620	chr11	65791784	65792030	+	20294	-190693	.	chr11	65601091	65601091	0.00124455	0.0924018	0.44434	0	2.904987650852983
dmr223620	chr11	65791784	65792030	+	20294	-187588	.	chr11	65604196	65604196	0.00764604	0.0640372	0.122024	0	2.1165634343141346
dmr223620	chr11	65791784	65792030	+	20294	-186737	.	chr11	65605047	65605047	0.00264237	0.0806449	0.0646382	0	2.578006370026761
dmr223620	chr11	65791784	65792030	+	20294	-186675	.	chr11	65605109	65605109	0.003011	0.0786031	0.0626798	0	2.5212892444872406
dmr223620	chr11	65791784	65792030	+	20294	-186554	.	chr11	65605230	65605230	0.00805124	0.0632314	0.118192	0	2.0941372272488588
dmr223620	chr11	65791784	65792030	+	20294	-184760	.	chr11	65607024	65607024	0.00020038	0.120692	0.0667195	0	3.698145627730413
dmr223620	chr11	65791784	65792030	+	20294	-167922	.	chr11	65623862	65623862	0.00916915	0.0612036	-7.23856	0	2.0376709225000558
dmr223620	chr11	65791784	65792030	+	20294	-153081	.	chr11	65638703	65638703	0.000365427	0.111432	27.9828	0	3.437199367443777
dmr223620	chr11	65791784	65792030	+	20294	-150376	.	chr11	65641408	65641408	0.000628668	0.103028	95.4113	0	3.2015786452281696
dmr223620	chr11	65791784	65792030	+	20294	-131913	.	chr11	65659871	65659871	0.00787693	0.0635729	0.096947	0	2.103643013963058
dmr223620	chr11	65791784	65792030	+	20294	-127068	.	chr11	65664716	65664716	0.00628609	0.0670954	0.0588672	0	2.2016194053382345
dmr223620	chr11	65791784	65792030	+	20294	-125993	.	chr11	65665791	65665791	0.00560696	0.0688818	0.101687	0	2.2512725421432105
dmr223620	chr11	65791784	65792030	+	20294	-123166	.	chr11	65668618	65668618	0.0055919	0.0689239	0.101687	0	2.2524406036852134
dmr223620	chr11	65791784	65792030	+	20294	-122813	.	chr11	65668971	65668971	0.0056463	0.0687726	0.101655	0	2.248236050581012
dmr223620	chr11	65791784	65792030	+	20294	-119074	.	chr11	65672708	65672710	0.00177538	0.0868587	0.0704831	0	2.750708676839728
dmr223620	chr11	65791784	65792030	+	20294	-110210	.	chr11	65681574	65681574	0.0069934	0.06543	0.0666765	0	2.1553116308009996
dmr223620	chr11	65791784	65792030	+	20294	-109804	.	chr11	65681980	65681980	0.00774704	0.0638324	0.063974	0	2.1108642016511374
dmr223620	chr11	65791784	65792030	+	20294	-108235	.	chr11	65683549	65683549	0.00479479	0.0713278	0.067896	0	2.319230409106118
dmr223620	chr11	65791784	65792030	+	20294	-106652	.	chr11	65685132	65685132	0.00163378	0.0881564	0.116396	0	2.7868064246815836
dmr223620	chr11	65791784	65792030	+	20294	-106303	.	chr11	65685481	65685481	0.00214701	0.0838897	0.0727008	0	2.6681659327716205
dmr223620	chr11	65791784	65792030	+	20294	-105387	.	chr11	65686393	65686397	0.00119208	0.0930733	0.0770263	0	2.923694598293171
dmr223620	chr11	65791784	65792030	+	20294	-105255	.	chr11	65686529	65686529	0.00122498	0.0926489	0.0765593	0	2.9118710018794847
dmr223620	chr11	65791784	65792030	+	20294	-105211	.	chr11	65686573	65686573	0.0011443	0.0937109	0.0770524	0	2.941460102060219
dmr223620	chr11	65791784	65792030	+	20294	-103869	.	chr11	65687915	65687915	0.001564	0.0888377	0.0744624	0	2.8057632512761708
dmr223620	chr11	65791784	65792030	+	20294	-103513	.	chr11	65688271	65688271	0.00153992	0.0890799	0.0745786	0	2.8125018405018576
dmr223620	chr11	65791784	65792030	+	20294	-102391	.	chr11	65689393	65689393	0.00156302	0.0888474	0.074462	0	2.8060354648253
dmr223620	chr11	65791784	65792030	+	20294	-102265	.	chr11	65689519	65689519	0.00156596	0.0888181	0.0743989	0	2.8052193355099666
dmr223620	chr11	65791784	65792030	+	20294	-101742	.	chr11	65690040	65690042	0.00143651	0.0901646	0.0757922	0	2.8426913464003993
dmr223620	chr11	65791784	65792030	+	20294	-101504	.	chr11	65690280	65690280	0.00152376	0.0892445	0.0749375	0	2.817083431214042
dmr223620	chr11	65791784	65792030	+	20294	-101086	.	chr11	65690698	65690698	0.00146406	0.0898682	0.0751668	0	2.834441124688173
dmr223620	chr11	65791784	65792030	+	20294	-101058	.	chr11	65690726	65690726	0.00144555	0.0900667	0.0755601	0	2.8399668819604305
dmr223620	chr11	65791784	65792030	+	20294	-100291	.	chr11	65691493	65691493	0.000647032	0.102581	0.0728132	0	3.189074240073563
dmr223620	chr11	65791784	65792030	+	20294	-99836	.	chr11	65691948	65691948	0.00150437	0.0894444	0.0748194	0	2.822645335821538
dmr223620	chr11	65791784	65792030	+	20294	-99699	.	chr11	65692085	65692085	0.00149238	0.0895693	0.0748572	0	2.826120579751712
dmr223620	chr11	65791784	65792030	+	20294	-99169	.	chr11	65692615	65692615	0.00149772	0.0895135	0.0749418	0	2.824569370762764
dmr223620	chr11	65791784	65792030	+	20294	-98778	.	chr11	65693006	65693006	0.00165782	0.0879284	0.0747191	0	2.7804626253240188
dmr223620	chr11	65791784	65792030	+	20294	-98472	.	chr11	65693312	65693312	0.00146624	0.089845	0.0750126	0	2.8337949368267155
dmr223620	chr11	65791784	65792030	+	20294	-98097	.	chr11	65693687	65693687	0.00032056	0.113455	0.0884504	0	3.4940906705753565
dmr223620	chr11	65791784	65792030	+	20294	-98095	.	chr11	65693689	65693689	0.00142385	0.0903027	0.0755146	0	2.846535760420774
dmr223620	chr11	65791784	65792030	+	20294	-97366	.	chr11	65694418	65694418	0.00197452	0.0851982	0.117312	0	2.704538462917233
dmr223620	chr11	65791784	65792030	+	20294	-94464	.	chr11	65697320	65697320	0.00028848	0.115082	0.372819	0	3.539884290621673
dmr223620	chr11	65791784	65792030	+	20294	-84699	.	chr11	65707085	65707085	5.19913e-05	0.141275	0.090516	0	4.284069323251784
dmr223620	chr11	65791784	65792030	+	20294	-83439	.	chr11	65708345	65708345	1.35267e-05	0.161485	0.0838276	0	4.86880814180561
dmr223620	chr11	65791784	65792030	+	20294	-81894	.	chr11	65709890	65709890	0.00941816	0.0607859	0.106566	0	2.0260339358377792
dmr223620	chr11	65791784	65792030	+	20294	-80768	.	chr11	65711016	65711016	6.39063e-05	0.138147	0.0928079	0	4.1944563261863745
dmr223620	chr11	65791784	65792030	+	20294	-80584	.	chr11	65711197	65711200	0.000671902	0.101995	0.0832133	0	3.172694066176717
dmr223620	chr11	65791784	65792030	+	20294	-79627	.	chr11	65712157	65712157	0.00872156	0.0619839	0.106073	0	2.0594058271319984
dmr223620	chr11	65791784	65792030	+	20294	-79165	.	chr11	65712619	65712619	5.68861e-05	0.139912	0.0934211	0	4.2449938395937705
dmr223620	chr11	65791784	65792030	+	20294	-78624	.	chr11	65713160	65713160	0.00662613	0.0662725	0.646444	0	2.178740047818863
dmr223620	chr11	65791784	65792030	+	20294	-76854	.	chr11	65714930	65714930	0.00608408	0.0676057	0.0753938	0	2.215805084012509
dmr223620	chr11	65791784	65792030	+	20294	-76428	.	chr11	65715356	65715356	0.00258418	0.080993	0.0756163	0	2.5876772390190106
dmr223620	chr11	65791784	65792030	+	20294	-76253	.	chr11	65715531	65715531	0.00849937	0.0623864	0.0887383	0	2.070613264363778
dmr223620	chr11	65791784	65792030	+	20294	-75885	.	chr11	65715899	65715899	0.00751428	0.0643085	0.0679652	0	2.124112626122607
dmr223620	chr11	65791784	65792030	+	20294	-75881	.	chr11	65715903	65715903	0.000388439	0.110488	0.0820749	0	3.410677172599027
dmr223620	chr11	65791784	65792030	+	20294	-75575	.	chr11	65716209	65716209	0.00297846	0.078773	0.0882835	0	2.5260082279962006
dmr223620	chr11	65791784	65792030	+	20294	-74511	.	chr11	65717273	65717273	0.0017645	0.0869546	0.0923023	0	2.753378337304012
dmr223620	chr11	65791784	65792030	+	20294	-74135	.	chr11	65717649	65717649	0.00844008	0.0624956	0.0686126	0	2.073653436858481
dmr223620	chr11	65791784	65792030	+	20294	-70699	.	chr11	65721085	65721085	0.000621002	0.103218	0.0782808	0	3.2069070011316887
dmr223620	chr11	65791784	65792030	+	20294	-68311	.	chr11	65723468	65723473	0.00026038	0.116662	0.0832111	0	3.5843923773358526
dmr223620	chr11	65791784	65792030	+	20294	-66772	.	chr11	65725012	65725012	0.000455332	0.108029	0.0795586	0	3.3416718271021657
dmr223620	chr11	65791784	65792030	+	20294	-66143	.	chr11	65725641	65725641	3.36496e-05	0.147844	-0.0961779	0	4.473020093960814
dmr223620	chr11	65791784	65792030	+	20294	-65448	.	chr11	65726336	65726336	0.00274925	0.080025	-0.0519214	0	2.560785766273732
dmr223620	chr11	65791784	65792030	+	20294	-65186	.	chr11	65726598	65726598	0.000615726	0.10335	0.104014	0	3.210612507252887
dmr223620	chr11	65791784	65792030	+	20294	-64268	.	chr11	65727516	65727516	0.00251662	0.0814072	-0.0519653	0	2.5991823563078507
dmr223620	chr11	65791784	65792030	+	20294	-64044	.	chr11	65727740	65727740	0.00119448	0.093042	0.0785055	0	2.922821117544371
dmr223620	chr11	65791784	65792030	+	20294	-63773	.	chr11	65728011	65728011	6.29634e-05	0.138373	0.111767	0	4.200911828276537
dmr223620	chr11	65791784	65792030	+	20294	-63559	.	chr11	65728225	65728225	0.000417689	0.109365	0.0810153	0	3.3791469618960126
dmr223620	chr11	65791784	65792030	+	20294	-62697	.	chr11	65729087	65729087	0.000277738	0.115667	0.0825537	0	3.5563646961903945
dmr223620	chr11	65791784	65792030	+	20294	-62219	.	chr11	65729565	65729565	0.000404775	0.10985	0.0803611	0	3.392786318543086
dmr223620	chr11	65791784	65792030	+	20294	-60994	.	chr11	65730790	65730790	0.00284338	0.0794986	-0.0517719	0	2.546165095682442
dmr223620	chr11	65791784	65792030	+	20294	-60527	.	chr11	65731257	65731257	6.23235e-05	0.138528	0.111715	0	4.2053481652840725
dmr223620	chr11	65791784	65792030	+	20294	-60509	.	chr11	65731275	65731275	6.23235e-05	0.138528	0.111715	0	4.2053481652840725
dmr223620	chr11	65791784	65792030	+	20294	-60484	.	chr11	65731300	65731300	0.002296	0.0828412	29.21	0	2.639028116274064
dmr223620	chr11	65791784	65792030	+	20294	-60340	.	chr11	65731444	65731444	1.00806e-05	0.165852	0.100831	0	4.996513617797816
dmr223620	chr11	65791784	65792030	+	20294	-60313	.	chr11	65731471	65731471	0.00469765	0.0716478	0.0636844	0	2.3281193436101466
dmr223620	chr11	65791784	65792030	+	20294	-60233	.	chr11	65731551	65731551	0.000691284	0.101553	-0.102693	0	3.1603434948926643
dmr223620	chr11	65791784	65792030	+	20294	-59536	.	chr11	65732248	65732248	1.04715e-06	0.198877	0.106743	0	5.979991102937927
dmr223620	chr11	65791784	65792030	+	20294	-59533	.	chr11	65732251	65732251	6.16092e-05	0.138703	0.111814	0	4.210354430515814
dmr223620	chr11	65791784	65792030	+	20294	-59252	.	chr11	65732532	65732532	9.94545e-07	0.199616	0.107065	0	6.00237556165011
dmr223620	chr11	65791784	65792030	+	20294	-59057	.	chr11	65732727	65732727	0.000189999	0.121509	0.0873662	0	3.7212486848136175
dmr223620	chr11	65791784	65792030	+	20294	-58827	.	chr11	65732957	65732957	9.41373e-07	0.200403	0.107057	0	6.026238262072726
dmr223620	chr11	65791784	65792030	+	20294	-58725	.	chr11	65733059	65733059	0.00552378	0.0691154	0.0617879	0	2.2577636267423316
dmr223620	chr11	65791784	65792030	+	20294	-58256	.	chr11	65733528	65733528	6.16092e-05	0.138703	0.111814	0	4.210354430515814
dmr223620	chr11	65791784	65792030	+	20294	-58193	.	chr11	65733591	65733591	0.00103767	0.0952348	30.1857	0	2.9839407389398636
dmr223620	chr11	65791784	65792030	+	20294	-57964	.	chr11	65733820	65733820	0.00014042	0.126147	-0.0633509	0	3.852571031301344
dmr223620	chr11	65791784	65792030	+	20294	-57853	.	chr11	65733931	65733931	0.000243351	0.117704	0.0868023	0	3.6137668647745342
dmr223620	chr11	65791784	65792030	+	20294	-56842	.	chr11	65734942	65734942	0.00553553	0.0690822	0.0617664	0	2.256840791215983
dmr223620	chr11	65791784	65792030	+	20294	-56031	.	chr11	65735753	65735753	0.00430853	0.0729998	-0.0902937	0	2.365670878745077
dmr223620	chr11	65791784	65792030	+	20294	-55831	.	chr11	65735953	65735953	1.00837e-06	0.199418	0.10695	0	5.99638008349169
dmr223620	chr11	65791784	65792030	+	20294	-55770	.	chr11	65736014	65736014	5.24559e-05	0.14114	-0.0693189	0	4.280205657263791
dmr223620	chr11	65791784	65792030	+	20294	-55506	.	chr11	65736278	65736278	6.17577e-05	0.138666	0.111838	0	4.209308886505034
dmr223620	chr11	65791784	65792030	+	20294	-55186	.	chr11	65736598	65736598	0.000205647	0.120293	-0.0625867	0	3.6868776216420365
dmr223620	chr11	65791784	65792030	+	20294	-54927	.	chr11	65736857	65736857	0.00950434	0.060644	-0.10341	0	2.0220780360115893
dmr223620	chr11	65791784	65792030	+	20294	-54355	.	chr11	65737429	65737429	0.00567347	0.0686976	0.0617307	0	2.246151237244129
dmr223620	chr11	65791784	65792030	+	20294	-53966	.	chr11	65737818	65737818	0.00605892	0.0676704	0.0609466	0	2.217604781748052
dmr223620	chr11	65791784	65792030	+	20294	-53807	.	chr11	65737977	65737977	0.000258855	0.116752	0.0854402	0	3.5869434418413393
dmr223620	chr11	65791784	65792030	+	20294	-53727	.	chr11	65738057	65738057	0.000160116	0.124136	0.0885626	0	3.7955652679275773
dmr223620	chr11	65791784	65792030	+	20294	-53311	.	chr11	65738472	65738473	0.0052246	0.0699858	0.0627872	0	2.281946953914054
dmr223620	chr11	65791784	65792030	+	20294	-53081	.	chr11	65738701	65738703	0.00431698	0.0729691	22.9279	0	2.3648199633682303
dmr223620	chr11	65791784	65792030	+	20294	-52772	.	chr11	65739012	65739012	0.00656888	0.066408	0.0606367	0	2.1825086717315485
dmr223620	chr11	65791784	65792030	+	20294	-52433	.	chr11	65739351	65739351	9.89935e-07	0.199683	0.106732	0	6.004393320622731
dmr223620	chr11	65791784	65792030	+	20294	-51650	.	chr11	65740134	65740134	0.00552734	0.0691054	0.0617757	0	2.25748382009666
dmr223620	chr11	65791784	65792030	+	20294	-51607	.	chr11	65740177	65740177	0.00032116	0.113426	0.341063	0	3.493278550756513
dmr223620	chr11	65791784	65792030	+	20294	-51018	.	chr11	65740766	65740766	0.000451875	0.108147	0.0824748	0	3.344981685361394
dmr223620	chr11	65791784	65792030	+	20294	-49231	.	chr11	65742553	65742553	0.000226672	0.118796	-0.0614565	0	3.6446021234399524
dmr223620	chr11	65791784	65792030	+	20294	-48586	.	chr11	65743198	65743198	0.000730639	0.100693	0.111825	0	3.136297149763382
dmr223620	chr11	65791784	65792030	+	20294	-47919	.	chr11	65743865	65743865	3.65043e-06	0.180799	0.101334	0	5.437655975097515
dmr223620	chr11	65791784	65792030	+	20294	-47290	.	chr11	65744494	65744494	0.000535792	0.105508	0.0814699	0	3.2710037752029746
dmr223620	chr11	65791784	65792030	+	20294	-47198	.	chr11	65744586	65744586	3.59216e-06	0.181034	0.101587	0	5.4446443274697796
dmr223620	chr11	65791784	65792030	+	20294	-46744	.	chr11	65745040	65745040	0.00012484	0.127946	0.113763	0	3.903646240006705
dmr223620	chr11	65791784	65792030	+	20294	-44381	.	chr11	65747403	65747403	0.000208057	0.120114	-0.0789539	0	3.6818176679497077
dmr223620	chr11	65791784	65792030	+	20294	-42667	.	chr11	65749117	65749117	0.00229145	0.0828722	-0.0790627	0	2.6398896147277275
dmr223620	chr11	65791784	65792030	+	20294	-40033	.	chr11	65751751	65751751	0.000168695	0.123335	0.1052	0	3.7728977894001434
dmr223620	chr11	65791784	65792030	+	20294	-37939	.	chr11	65753845	65753845	0.00178879	0.0867411	1.89358	0	2.7474406416542245
dmr223620	chr11	65791784	65792030	+	20294	-35792	.	chr11	65755992	65755992	0.000119809	0.128575	34.4328	0	3.921510556708599
dmr223620	chr11	65791784	65792030	+	20294	-34169	.	chr11	65757615	65757615	0.00202066	0.0848373	1.86825	0	2.694506755532659
dmr223620	chr11	65791784	65792030	+	20294	-32740	.	chr11	65759044	65759044	0.00202066	0.0848373	1.86825	0	2.694506755532659
dmr223620	chr11	65791784	65792030	+	20294	-29548	.	chr11	65762236	65762236	0.000953497	0.0965521	9.67665	0	3.0206806690421972
dmr223620	chr11	65791784	65792030	+	20294	-27556	.	chr11	65764228	65764228	0.00202066	0.0848373	1.86825	0	2.694506755532659
dmr223620	chr11	65791784	65792030	+	20294	-27063	.	chr11	65764721	65764721	0.00202066	0.0848373	1.86825	0	2.694506755532659
dmr223620	chr11	65791784	65792030	+	20294	-25999	.	chr11	65765785	65765785	0.000349789	0.112107	0.0992771	0	3.4561938521312596
dmr223620	chr11	65791784	65792030	+	20294	-23791	.	chr11	65767993	65767993	0.00240765	0.0820991	-0.0763144	0	2.618406646200123
dmr223620	chr11	65791784	65792030	+	20294	-23774	.	chr11	65768010	65768010	0.00392915	0.0744411	16.8019	0	2.4057013911605045
dmr223620	chr11	65791784	65792030	+	20294	-22490	.	chr11	65769294	65769294	1.62232e-05	0.158777	42.8255	0	4.789863477790037
dmr223620	chr11	65791784	65792030	+	20294	-21033	.	chr11	65770746	65770751	0.00461403	0.0719286	4.49871	0	2.3359195860628446
dmr223620	chr11	65791784	65792030	+	20294	-20836	.	chr11	65770948	65770948	0.000132982	0.12698	1.91864	0	3.8762071397074425
dmr223620	chr11	65791784	65792030	+	20294	-18303	.	chr11	65773481	65773481	0.00207349	0.0844341	1.85292	0	2.683298054804565
dmr223620	chr11	65791784	65792030	+	20294	-16957	.	chr11	65774827	65774827	0.00323136	0.0774986	-0.0760265	0	2.4906146553206265
dmr223620	chr11	65791784	65792030	+	20294	-15428	.	chr11	65776356	65776356	0.00327994	0.0772653	-0.0764141	0	2.4841341007722386
dmr223620	chr11	65791784	65792030	+	20294	-11922	.	chr11	65779862	65779862	4.71413e-05	0.142756	-0.0773996	0	4.326598445251624
dmr223620	chr11	65791784	65792030	+	20294	-11366	.	chr11	65780418	65780418	0.00128805	0.0918661	0.0829958	0	2.8900672780455974
dmr223620	chr11	65791784	65792030	+	20294	-11076	.	chr11	65780708	65780708	0.00194397	0.0854417	1.85291	0	2.711310441536796
dmr223620	chr11	65791784	65792030	+	20294	-8716	.	chr11	65783065	65783068	6.34436e-06	0.172692	63.8298	0	5.197612181683894
dmr223620	chr11	65791784	65792030	+	20294	-7771	.	chr11	65784013	65784013	3.05271e-05	0.149309	3.95986	0	4.515314450657714
dmr223620	chr11	65791784	65792030	+	20294	-7607	.	chr11	65784177	65784177	0.00175993	0.0869951	0.0769603	0	2.7545046056053426
dmr223620	chr11	65791784	65792030	+	20294	-7545	.	chr11	65784239	65784239	0.00181243	0.0865361	0.0767698	0	2.7417387578332693
dmr223620	chr11	65791784	65792030	+	20294	-7298	.	chr11	65784486	65784486	4.49999e-08	0.242932	0.119098	0	7.346788451324577
dmr223620	chr11	65791784	65792030	+	20294	-7137	.	chr11	65784647	65784647	0.00286103	0.0794019	0.0736646	0	2.543477588274378
dmr223620	chr11	65791784	65792030	+	20294	-7101	.	chr11	65784683	65784683	0.0028678	0.0793649	0.0736157	0	2.5424511395889913
dmr223620	chr11	65791784	65792030	+	20294	-6512	.	chr11	65785272	65785272	0.00173388	0.087228	0.0857352	0	2.760980962881268
dmr223620	chr11	65791784	65792030	+	20294	-5949	.	chr11	65785835	65785835	0.000597561	0.103815	0.0915871	0	3.223617754628898
dmr223620	chr11	65791784	65792030	+	20294	-5876	.	chr11	65785902	65785908	0.00839246	0.0625838	36.9311	0	2.0761107200019846
dmr223620	chr11	65791784	65792030	+	20294	-4753	.	chr11	65787031	65787031	0.00034506	0.112318	-0.099498	0	3.462105382018631
dmr223620	chr11	65791784	65792030	+	20294	-4575	.	chr11	65787209	65787209	0.00309075	0.0781943	0.0688646	0	2.5099361220837118
dmr223620	chr11	65791784	65792030	+	20294	-3797	.	chr11	65787987	65787987	0.00196014	0.0853124	0.0768877	0	2.707712908716944
dmr223620	chr11	65791784	65792030	+	20294	-3731	.	chr11	65788053	65788053	3.84526e-10	0.305457	0.128439	0	9.4150742897383
dmr223620	chr11	65791784	65792030	+	20294	-3483	.	chr11	65788301	65788301	1.05064e-06	0.198829	64.7759	0	5.978546068744615
dmr223620	chr11	65791784	65792030	+	20294	-2969	.	chr11	65788815	65788815	0.000349673	0.112113	0.093011	0	3.456337900443713
dmr223620	chr11	65791784	65792030	+	20294	-2534	.	chr11	65789250	65789250	0.00146971	0.0898081	-0.0689662	0	2.832768350846771
dmr223620	chr11	65791784	65792030	+	20294	-2227	.	chr11	65789557	65789557	0.00489029	0.0710195	0.168719	0	2.310665385934596
dmr223620	chr11	65791784	65792030	+	20294	-2222	.	chr11	65789562	65789562	0.000434328	0.10876	0.0923106	0	3.362182171896083
dmr223620	chr11	65791784	65792030	+	20294	-1562	.	chr11	65790221	65790222	0.0052052	0.0700439	0.190236	0	2.283562578885882
dmr223620	chr11	65791784	65792030	+	20294	-1351	.	chr11	65790433	65790433	0.000245172	0.117589	0.0967536	0	3.6105291301562756
dmr223620	chr11	65791784	65792030	+	20294	-1274	.	chr11	65790510	65790510	0.00422001	0.0733244	0.172933	0	2.374686519905702
dmr223620	chr11	65791784	65792030	+	20294	-946	.	chr11	65790838	65790838	0.00030784	0.11408	0.0946091	0	3.511674949642281
dmr223620	chr11	65791784	65792030	+	20294	0	.	chr11	65791795	65791795	7.66812e-12	0.353204	0.123066	1	11.11531109937639
dmr223620	chr11	65791784	65792030	+	20294	1284	.	chr11	65793314	65793314	0.000489255	0.106916	-0.0743366	0	3.3104647273228713
dmr223620	chr11	65791784	65792030	+	20294	1687	.	chr11	65793717	65793717	0.000194019	0.121188	0.098477	0	3.712155738156838
dmr223620	chr11	65791784	65792030	+	20294	1867	.	chr11	65793897	65793897	0.000448195	0.108274	0.0811236	0	3.34853299270172
dmr223620	chr11	65791784	65792030	+	20294	1868	.	chr11	65793898	65793898	0.000207019	0.120191	-0.0820707	0	3.6839897935938892
dmr223620	chr11	65791784	65792030	+	20294	2756	.	chr11	65794786	65794786	0.000439084	0.108591	-0.0789927	0	3.357452388079654
dmr223620	chr11	65791784	65792030	+	20294	4534	.	chr11	65796564	65796564	0.000105985	0.130448	0.101013	0	3.9747555958503034
dmr223620	chr11	65791784	65792030	+	20294	7315	.	chr11	65799345	65799345	0.00959851	0.0604903	0.249717	0	2.017796178314681
dmr223620	chr11	65791784	65792030	+	20294	7894	.	chr11	65799924	65799924	0.00953067	0.0606009	-0.0687968	0	2.020876567664415
dmr223620	chr11	65791784	65792030	+	20294	8127	.	chr11	65800157	65800157	5.59471e-05	0.140164	0.0985868	0	4.25222242006751
dmr223620	chr11	65791784	65792030	+	20294	9943	.	chr11	65801973	65801973	0.000126842	0.127703	0.0952111	0	3.8967369187884686
dmr223620	chr11	65791784	65792030	+	20294	9985	.	chr11	65802015	65802015	0.000126227	0.127777	0.0952376	0	3.898847739411778
dmr223620	chr11	65791784	65792030	+	20294	10047	.	chr11	65802077	65802077	0.000133412	0.12693	0.0946913	0	3.874805105206613
dmr223620	chr11	65791784	65792030	+	20294	10149	.	chr11	65802179	65802179	0.000106125	0.130427	0.0952599	0	3.974182296747991
dmr223620	chr11	65791784	65792030	+	20294	10429	.	chr11	65802459	65802459	0.000106605	0.130359	0.0954981	0	3.9722224255018914
dmr223620	chr11	65791784	65792030	+	20294	12023	.	chr11	65804053	65804053	4.21354e-06	0.178701	0.0951579	0	5.37535287887652
dmr223620	chr11	65791784	65792030	+	20294	12105	.	chr11	65804135	65804135	1.54622e-09	0.2877	0.107884	0	8.810728713529905
dmr223620	chr11	65791784	65792030	+	20294	12354	.	chr11	65804384	65804384	4.06374e-10	0.30476	0.116698	0	9.39107408620087
dmr223620	chr11	65791784	65792030	+	20294	12930	.	chr11	65804960	65804960	4.45463e-10	0.3036	0.116745	0	9.351188362475929
dmr223620	chr11	65791784	65792030	+	20294	14086	.	chr11	65806116	65806116	2.88115e-09	0.279622	0.10624	0	8.54043413065521
dmr223620	chr11	65791784	65792030	+	20294	15034	.	chr11	65807064	65807064	2.98891e-09	0.279142	0.106187	0	8.524487161940257
dmr223620	chr11	65791784	65792030	+	20294	15555	.	chr11	65807585	65807585	7.98697e-10	0.296182	0.113828	0	9.09761794682569
dmr223620	chr11	65791784	65792030	+	20294	16969	.	chr11	65808999	65808999	0.000237201	0.118098	-0.0699731	0	3.6248834843905473
dmr223620	chr11	65791784	65792030	+	20294	17077	.	chr11	65809107	65809107	0.00296095	0.0788651	0.0726422	0	2.528568926250497
dmr223620	chr11	65791784	65792030	+	20294	17084	.	chr11	65809114	65809114	0.00259121	0.0809505	0.0732643	0	2.586497388964984
dmr223620	chr11	65791784	65792030	+	20294	17287	.	chr11	65809317	65809317	1.33388e-09	0.289605	0.104598	0	8.874883239146596
dmr223620	chr11	65791784	65792030	+	20294	17926	.	chr11	65809956	65809956	1.33616e-09	0.289583	0.104591	0	8.874141533659477
dmr223620	chr11	65791784	65792030	+	20294	18015	.	chr11	65810045	65810045	0.00683924	0.0657781	-0.0779407	0	2.164992155903346
dmr223620	chr11	65791784	65792030	+	20294	18409	.	chr11	65810439	65810439	5.50808e-05	0.140401	0.349319	0	4.25899976062531
dmr223620	chr11	65791784	65792030	+	20294	18413	.	chr11	65810443	65810445	9.73624e-05	0.131742	-0.0715887	0	4.011608729211948
dmr223620	chr11	65791784	65792030	+	20294	18528	.	chr11	65810558	65810558	0.00497394	0.0707543	0.0691661	0	2.303299457873095
dmr223620	chr11	65791784	65792030	+	20294	19171	.	chr11	65811201	65811201	0.000158036	0.124336	-0.0709455	0	3.80124397114392
dmr223620	chr11	65791784	65792030	+	20294	19258	.	chr11	65811288	65811288	6.86622e-10	0.29811	0.105073	0	9.163282285492947
dmr223620	chr11	65791784	65792030	+	20294	20099	.	chr11	65812129	65812129	6.88581e-10	0.298074	0.105042	0	9.162044964943862
dmr223620	chr11	65791784	65792030	+	20294	20261	.	chr11	65812291	65812291	8.87903e-05	0.133147	-0.0742848	0	4.051634476637777
dmr223620	chr11	65791784	65792030	+	20294	20727	.	chr11	65812757	65812757	8.8676e-05	0.133167	-0.0742857	0	4.052193905285868
dmr223620	chr11	65791784	65792030	+	20294	21137	.	chr11	65813167	65813167	3.92402e-05	0.145527	0.0887848	0	4.40626878776826
dmr223620	chr11	65791784	65792030	+	20294	21569	.	chr11	65813599	65813599	0.00123517	0.0925198	-0.0834536	0	2.90827326509179
dmr223620	chr11	65791784	65792030	+	20294	21634	.	chr11	65813664	65813664	1.60786e-06	0.192707	0.0900881	0	5.793751768942318
dmr223620	chr11	65791784	65792030	+	20294	22271	.	chr11	65814301	65814301	8.46431e-07	0.201924	0.0922659	0	6.072408439256908
dmr223620	chr11	65791784	65792030	+	20294	22514	.	chr11	65814544	65814544	0.000361263	0.111609	-0.0899319	0	3.4421765159262434
dmr223620	chr11	65791784	65792030	+	20294	22527	.	chr11	65814557	65814557	7.40013e-06	0.170423	0.0853709	0	5.130760650838384
dmr223620	chr11	65791784	65792030	+	20294	22840	.	chr11	65814870	65814870	1.38168e-08	0.258898	0.099103	0	7.85959252883326
dmr223620	chr11	65791784	65792030	+	20294	22848	.	chr11	65814878	65814879	2.49912e-08	0.250923	0.0974057	0	7.602212889897319
dmr223620	chr11	65791784	65792030	+	20294	23565	.	chr11	65815595	65815595	6.42113e-09	0.269095	0.0998555	0	8.192388537417079
dmr223620	chr11	65791784	65792030	+	20294	23839	.	chr11	65815869	65815869	7.73208e-08	0.23551	0.0915109	0	7.1117036611904565
dmr223620	chr11	65791784	65792030	+	20294	25011	.	chr11	65817041	65817041	8.29093e-07	0.20222	0.0821844	0	6.081396751570983
dmr223620	chr11	65791784	65792030	+	20294	25232	.	chr11	65817262	65817262	0.00136401	0.0909724	-0.059198	0	2.8651824457140713
dmr223620	chr11	65791784	65792030	+	20294	25756	.	chr11	65817786	65817786	4.38111e-06	0.17813	0.0771004	0	5.3584158425092765
dmr223620	chr11	65791784	65792030	+	20294	28404	.	chr11	65820434	65820434	9.84541e-05	0.131572	-0.0730691	0	4.006766193489299
dmr223620	chr11	65791784	65792030	+	20294	29437	.	chr11	65821467	65821467	9.16603e-05	0.132662	-0.0798735	0	4.037818725662786
dmr223620	chr11	65791784	65792030	+	20294	29673	.	chr11	65821703	65821703	2.85245e-05	0.150329	-0.0830173	0	4.544781959500251
dmr223620	chr11	65791784	65792030	+	20294	30888	.	chr11	65822918	65822918	7.96457e-05	0.134802	-0.0798886	0	4.098837666399984
dmr223620	chr11	65791784	65792030	+	20294	32228	.	chr11	65824258	65824258	0.000442865	0.108459	-0.0707083	0	3.353728641023657
dmr223620	chr11	65791784	65792030	+	20294	32457	.	chr11	65824487	65824488	5.88478e-06	0.173799	0.0764511	0	5.230269768431753
dmr223620	chr11	65791784	65792030	+	20294	33013	.	chr11	65825043	65825043	0.000562717	0.104747	-0.0922402	0	3.2497099643649894
dmr223620	chr11	65791784	65792030	+	20294	33434	.	chr11	65825464	65825464	4.92301e-06	0.17642	0.0773467	0	5.30776928205369
dmr223620	chr11	65791784	65792030	+	20294	33729	.	chr11	65825759	65825759	4.66583e-06	0.177207	0.0776031	0	5.331071088818501
dmr223620	chr11	65791784	65792030	+	20294	34255	.	chr11	65826285	65826285	0.00253246	0.0813091	-0.139181	0	2.596457405559575
dmr223620	chr11	65791784	65792030	+	20294	34360	.	chr11	65826390	65826390	0.00537772	0.0695342	-0.0636992	0	2.2694018137937504
dmr223620	chr11	65791784	65792030	+	20294	34638	.	chr11	65826668	65826668	7.15528e-06	0.170919	0.0759041	0	5.145373366785319
dmr223620	chr11	65791784	65792030	+	20294	34794	.	chr11	65826824	65826824	6.36731e-06	0.172639	0.075997	0	5.196044005482162
dmr223620	chr11	65791784	65792030	+	20294	35319	.	chr11	65827349	65827349	0.000408655	0.109703	-0.0739531	0	3.3886431830069568
dmr223620	chr11	65791784	65792030	+	20294	37045	.	chr11	65829075	65829075	1.92383e-05	0.156232	0.0707107	0	4.715833307206646
dmr223620	chr11	65791784	65792030	+	20294	39186	.	chr11	65831216	65831217	0.000119257	0.128646	0.0670909	0	3.923516119858912
dmr223620	chr11	65791784	65792030	+	20294	39551	.	chr11	65831581	65831581	0.00561196	0.0688679	0.0569145	0	2.250885433125001
dmr223620	chr11	65791784	65792030	+	20294	41412	.	chr11	65833442	65833442	0.00136907	0.0909148	-0.089811	0	2.8635743459956418
dmr223620	chr11	65791784	65792030	+	20294	43751	.	chr11	65835781	65835781	5.50284e-05	0.140415	0.0668477	0	4.259413114506178
dmr223620	chr11	65791784	65792030	+	20294	47601	.	chr11	65839631	65839633	0.00097193	0.096254	-0.0663855	0	3.012365012551563
dmr223620	chr11	65791784	65792030	+	20294	48773	.	chr11	65840803	65840803	0.000410181	0.109645	0.0648804	0	3.38702446046269
dmr223620	chr11	65791784	65792030	+	20294	52407	.	chr11	65844437	65844438	0.000497584	0.106654	0.0659572	0	3.303133592994546
dmr223620	chr11	65791784	65792030	+	20294	59712	.	chr11	65851742	65851742	0.00211707	0.0841091	1.48155	0	2.674264781984775
dmr223620	chr11	65791784	65792030	+	20294	61556	.	chr11	65853586	65853586	0.000132078	0.127084	0.0806203	0	3.8791695160288797
dmr223620	chr11	65791784	65792030	+	20294	61792	.	chr11	65853822	65853822	0.000349393	0.112125	0.0749904	0	3.456685800245551
dmr223620	chr11	65791784	65792030	+	20294	61986	.	chr11	65854016	65854016	9.06519e-05	0.132831	0.0838043	0	4.042623088966507
dmr223620	chr11	65791784	65792030	+	20294	62494	.	chr11	65854524	65854524	8.98428e-05	0.132968	0.0838547	0	4.046516721510622
dmr223620	chr11	65791784	65792030	+	20294	63846	.	chr11	65855876	65855876	9.03936e-05	0.132874	0.0838118	0	4.043862317125053
dmr223620	chr11	65791784	65792030	+	20294	64018	.	chr11	65856048	65856048	9.10275e-05	0.132768	0.0837754	0	4.040827384667623
dmr223620	chr11	65791784	65792030	+	20294	64524	.	chr11	65856554	65856554	8.78496e-05	0.133309	0.0839505	0	4.056260211609645
dmr223620	chr11	65791784	65792030	+	20294	65061	.	chr11	65857091	65857091	0.000280784	0.115499	0.0787822	0	3.551627643371602
dmr223620	chr11	65791784	65792030	+	20294	65433	.	chr11	65857463	65857463	9.02711e-05	0.132895	0.0838174	0	4.044451265405335
dmr223620	chr11	65791784	65792030	+	20294	65690	.	chr11	65857720	65857720	0.000336476	0.112707	0.0676887	0	3.473045907485421
dmr223620	chr11	65791784	65792030	+	20294	65736	.	chr11	65857766	65857766	9.92535e-05	0.131449	0.0839852	0	4.003254169664236
dmr223620	chr11	65791784	65792030	+	20294	67038	.	chr11	65859068	65859068	9.00586e-05	0.132931	0.0839397	0	4.045474808616707
dmr223620	chr11	65791784	65792030	+	20294	67200	.	chr11	65859230	65859230	0.000843557	0.0984585	-0.0782938	0	3.0738855663657905
dmr223620	chr11	65791784	65792030	+	20294	68833	.	chr11	65860863	65860863	9.04431e-05	0.132866	0.083818	0	4.043624560326891
dmr223620	chr11	65791784	65792030	+	20294	70597	.	chr11	65862627	65862627	8.8212e-06	0.167828	-0.0928813	0	5.054472331202773
dmr223620	chr11	65791784	65792030	+	20294	70600	.	chr11	65862630	65862630	8.65014e-05	0.133545	0.0839945	0	4.06297686354843
dmr223620	chr11	65791784	65792030	+	20294	71197	.	chr11	65863227	65863227	9.66506e-05	0.131854	0.0835192	0	4.014795445558033
dmr223620	chr11	65791784	65792030	+	20294	71666	.	chr11	65863696	65863696	8.78992e-05	0.133301	0.083937	0	4.056015077567486
dmr223620	chr11	65791784	65792030	+	20294	72042	.	chr11	65864072	65864072	0.0092322	0.0610968	-0.199358	0	2.0346947958309403
dmr223620	chr11	65791784	65792030	+	20294	72378	.	chr11	65864408	65864408	9.33716e-05	0.13238	0.0838964	0	4.0297851991323395
dmr223620	chr11	65791784	65792030	+	20294	72380	.	chr11	65864410	65864410	9.36801e-05	0.13233	0.0839313	0	4.028352654342344
dmr223620	chr11	65791784	65792030	+	20294	72472	.	chr11	65864502	65864502	8.53308e-05	0.133752	0.0841084	0	4.0688941827166305
dmr223620	chr11	65791784	65792030	+	20294	72761	.	chr11	65864791	65864791	8.84635e-05	0.133203	0.0839185	0	4.053235882051914
dmr223620	chr11	65791784	65792030	+	20294	75595	.	chr11	65867625	65867625	2.58758e-05	0.151792	0.0833733	0	4.587106214280354
dmr223620	chr11	65791784	65792030	+	20294	76058	.	chr11	65868088	65868088	6.27702e-05	0.13842	0.0720161	0	4.202246487587014
dmr223620	chr11	65791784	65792030	+	20294	76459	.	chr11	65868489	65868489	0.00491716	0.0709338	62.2651	0	2.308285659924895
dmr223620	chr11	65791784	65792030	+	20294	77008	.	chr11	65869038	65869038	2.7754e-05	0.15074	0.0817392	0	4.556674416046255
dmr223620	chr11	65791784	65792030	+	20294	77772	.	chr11	65869802	65869802	4.4411e-05	0.143658	0.0767334	0	4.3525094477316975
dmr223620	chr11	65791784	65792030	+	20294	78483	.	chr11	65870513	65870513	0.000443956	0.108421	0.0668866	0	3.3526600702099443
dmr223620	chr11	65791784	65792030	+	20294	79218	.	chr11	65871248	65871248	6.06892e-05	0.138931	0.0724832	0	4.216888587305635
dmr223620	chr11	65791784	65792030	+	20294	79819	.	chr11	65871849	65871849	0.00727008	0.0648242	-0.20414	0	2.1384608101358187
dmr223620	chr11	65791784	65792030	+	20294	79873	.	chr11	65871903	65871903	0.00103493	0.0952759	0.0577415	0	2.985089023774039
dmr223620	chr11	65791784	65792030	+	20294	80703	.	chr11	65872733	65872733	0.000674559	0.101934	0.0691437	0	3.1709800589589694
dmr223620	chr11	65791784	65792030	+	20294	81061	.	chr11	65873091	65873091	0.00061633	0.103335	0.0671415	0	3.2101866923742066
dmr223620	chr11	65791784	65792030	+	20294	81405	.	chr11	65873435	65873435	0.00044	0.108559	0.0682014	0	3.3565473235138126
dmr223620	chr11	65791784	65792030	+	20294	81532	.	chr11	65873562	65873562	5.99551e-07	0.206841	0.08865	0	6.222173868317406
dmr223620	chr11	65791784	65792030	+	20294	82247	.	chr11	65874277	65874277	0.00913829	0.0612562	-0.200229	0	2.0391350638989048
dmr223620	chr11	65791784	65792030	+	20294	82430	.	chr11	65874460	65874460	0.0003661	0.111403	0.0686426	0	3.436400271118469
dmr223620	chr11	65791784	65792030	+	20294	84526	.	chr11	65876556	65876556	0.00078875	0.0995033	0.0716009	0	3.1030606277478094
dmr223620	chr11	65791784	65792030	+	20294	84862	.	chr11	65876892	65876892	3.49157e-05	0.147287	0.0773395	0	4.45697924667495
dmr223620	chr11	65791784	65792030	+	20294	85853	.	chr11	65877883	65877883	0.00100841	0.0956803	0.0705762	0	2.996362856248978
dmr223620	chr11	65791784	65792030	+	20294	86079	.	chr11	65878109	65878109	0.000871288	0.0979553	0.0708965	0	3.0598382673382094
dmr223620	chr11	65791784	65792030	+	20294	86330	.	chr11	65878360	65878360	0.00088697	0.0976778	0.070799	0	3.0520910690688283
dmr223620	chr11	65791784	65792030	+	20294	87056	.	chr11	65879086	65879086	0.00129811	0.0917448	0.0668543	0	2.8866885044779687
dmr223620	chr11	65791784	65792030	+	20294	87759	.	chr11	65879789	65879789	0.00130434	0.0916701	0.0667727	0	2.8846091870726394
dmr223620	chr11	65791784	65792030	+	20294	88634	.	chr11	65880664	65880664	0.00133325	0.0913283	0.0666729	0	2.8750884076450856
dmr223620	chr11	65791784	65792030	+	20294	89278	.	chr11	65881308	65881308	0.00546434	0.0692845	-0.20634	0	2.2624622859864933
dmr223620	chr11	65791784	65792030	+	20294	90483	.	chr11	65882513	65882513	0.00197047	0.0852302	0.06402	0	2.7054301727921044
dmr223620	chr11	65791784	65792030	+	20294	91382	.	chr11	65883412	65883412	0.00869651	0.0620288	-0.127623	0	2.060654999316071
dmr223620	chr11	65791784	65792030	+	20294	92329	.	chr11	65884359	65884359	0.00197162	0.0852211	0.0640094	0	2.7051767850366972
dmr223620	chr11	65791784	65792030	+	20294	93741	.	chr11	65885771	65885771	0.00176987	0.0869071	-0.0681988	0	2.752058632144451
dmr223620	chr11	65791784	65792030	+	20294	93808	.	chr11	65885838	65885838	0.00174065	0.0871671	-0.0683085	0	2.7592885455682508
dmr223620	chr11	65791784	65792030	+	20294	95164	.	chr11	65887194	65887194	0.00200471	0.0849611	-0.0675685	0	2.6979484432477396
dmr223620	chr11	65791784	65792030	+	20294	95282	.	chr11	65887312	65887312	0.00200617	0.0849497	-0.0675429	0	2.69763226825792
dmr223620	chr11	65791784	65792030	+	20294	95758	.	chr11	65887788	65887788	0.00654728	0.0664595	0.0527051	0	2.1839390857078063
dmr223620	chr11	65791784	65792030	+	20294	95892	.	chr11	65887922	65887922	0.00122453	0.0926546	-0.0702376	0	2.9120305705434664
dmr223620	chr11	65791784	65792030	+	20294	96781	.	chr11	65888811	65888811	0.00122135	0.0926952	-0.0702458	0	2.913159863256619
dmr223620	chr11	65791784	65792030	+	20294	97063	.	chr11	65889093	65889093	0.000216273	0.119519	-0.0942346	0	3.6649976954611754
dmr223620	chr11	65791784	65792030	+	20294	101790	.	chr11	65893820	65893820	0.00109132	0.0944495	-0.0755006	0	2.962047885656384
dmr223620	chr11	65791784	65792030	+	20294	102155	.	chr11	65894185	65894185	0.00280917	0.0796879	-0.0632786	0	2.551421978196811
dmr223620	chr11	65791784	65792030	+	20294	102935	.	chr11	65894965	65894965	0.00339217	0.0767391	-0.0626182	0	2.4695223910226702
dmr223620	chr11	65791784	65792030	+	20294	103251	.	chr11	65895281	65895281	0.00195853	0.0853252	-0.0663616	0	2.7080697717113815
dmr223620	chr11	65791784	65792030	+	20294	103484	.	chr11	65895514	65895514	0.00788195	0.063563	-0.0758901	0	2.103366324455568
dmr223620	chr11	65791784	65792030	+	20294	104046	.	chr11	65896076	65896076	0.00142852	0.0902516	-0.070342	0	2.8451136748970347
dmr223620	chr11	65791784	65792030	+	20294	104505	.	chr11	65896535	65896535	0.00236254	0.0823947	0.0596552	0	2.6266208297468623
dmr223620	chr11	65791784	65792030	+	20294	104845	.	chr11	65896875	65896875	0.00116931	0.093374	-0.055817	0	2.9320703361935756
dmr223620	chr11	65791784	65792030	+	20294	105699	.	chr11	65897729	65897729	0.0032538	0.0773904	0.0526306	0	2.4876091451809015
dmr223620	chr11	65791784	65792030	+	20294	105755	.	chr11	65897785	65897785	0.00187048	0.0860437	0.0549408	0	2.7280469311097613
dmr223620	chr11	65791784	65792030	+	20294	106487	.	chr11	65898517	65898517	0.0067239	0.0660437	0.0485114	0	2.1723787541515343
dmr223620	chr11	65791784	65792030	+	20294	108295	.	chr11	65900325	65900325	0.00239714	0.0821674	-0.0549349	0	2.6203066011553546
dmr223620	chr11	65791784	65792030	+	20294	110819	.	chr11	65902849	65902849	0.00459968	0.0719773	0.0506636	0	2.337272381159365
dmr223620	chr11	65791784	65792030	+	20294	111017	.	chr11	65903047	65903047	1.6321e-05	0.158688	31.8014	0	4.787253235215928
dmr223620	chr11	65791784	65792030	+	20294	113243	.	chr11	65905273	65905273	0.000163263	0.123837	31.0891	0	3.7871122274894518
dmr223620	chr11	65791784	65792030	+	20294	113667	.	chr11	65905697	65905698	0.000770088	0.0998755	-0.0622334	0	3.113459644008436
dmr223620	chr11	65791784	65792030	+	20294	114652	.	chr11	65906682	65906682	0.00567917	0.0686819	0.0477958	0	2.2457151309719556
dmr223620	chr11	65791784	65792030	+	20294	116636	.	chr11	65908666	65908666	0.00551905	0.0691288	0.0478091	0	2.2581356714129512
dmr223620	chr11	65791784	65792030	+	20294	117015	.	chr11	65909045	65909045	0.00166542	0.0878569	-0.056945	0	2.7784762242114764
dmr223620	chr11	65791784	65792030	+	20294	122464	.	chr11	65914494	65914494	0.00394936	0.0743609	0.0503634	0	2.4034732767756144
dmr223620	chr11	65791784	65792030	+	20294	124030	.	chr11	65916060	65916060	0.00305281	0.0783874	-0.0538464	0	2.515300224367998
dmr223620	chr11	65791784	65792030	+	20294	130799	.	chr11	65922829	65922829	0.00163474	0.0881472	-0.0540167	0	2.7865513106149016
dmr223620	chr11	65791784	65792030	+	20294	131880	.	chr11	65923910	65923910	0.00355009	0.0760275	0.0501373	0	2.4497606368018308
dmr223620	chr11	65791784	65792030	+	20294	132095	.	chr11	65924125	65924125	0.00344552	0.0764951	0.0499229	0	2.4627452248192596
dmr223620	chr11	65791784	65792030	+	20294	133579	.	chr11	65925609	65925609	0.00266163	0.0805314	-0.0521006	0	2.5748523170531836
dmr223620	chr11	65791784	65792030	+	20294	133926	.	chr11	65925956	65925956	0.00369338	0.0754088	2.34754	0	2.4325760068865163
dmr223620	chr11	65791784	65792030	+	20294	134205	.	chr11	65926235	65926235	0.00287773	0.0793109	-0.0514908	0	2.540949955712415
dmr223620	chr11	65791784	65792030	+	20294	134555	.	chr11	65926585	65926587	0.00415374	0.0735719	0.0479448	0	2.3815606912624463
dmr223620	chr11	65791784	65792030	+	20294	134882	.	chr11	65926912	65926912	0.00390699	0.0745296	0.0480875	0	2.4081577003570884
dmr223620	chr11	65791784	65792030	+	20294	135162	.	chr11	65927192	65927192	0.00155127	0.0889653	-0.0550644	0	2.809312606245094
dmr223620	chr11	65791784	65792030	+	20294	135937	.	chr11	65927967	65927967	0.00142699	0.0902683	-0.0550348	0	2.8455790703051402
dmr223620	chr11	65791784	65792030	+	20294	137387	.	chr11	65929417	65929417	0.00370504	0.0753595	-99.4824	0	2.4312070989706176
dmr223620	chr11	65791784	65792030	+	20294	137582	.	chr11	65929612	65929612	0.00142903	0.0902461	-0.0550507	0	2.844958653855848
dmr223620	chr11	65791784	65792030	+	20294	139423	.	chr11	65931453	65931453	1.86911e-06	0.190531	48.7196	0	5.728365138970423
dmr223620	chr11	65791784	65792030	+	20294	139633	.	chr11	65931663	65931663	0.0082006	0.0629446	0.0448882	0	2.086154371133806
dmr223620	chr11	65791784	65792030	+	20294	141703	.	chr11	65933733	65933733	0.00990205	0.0600052	0.0447927	0	2.00427488504662
dmr223620	chr11	65791784	65792030	+	20294	141761	.	chr11	65933791	65933791	7.02528e-06	0.17119	66.1423	0	5.153336361809843
dmr223620	chr11	65791784	65792030	+	20294	143022	.	chr11	65935052	65935052	0.00586452	0.06818	0.0485495	0	2.231767528285394
dmr223620	chr11	65791784	65792030	+	20294	143275	.	chr11	65935305	65935305	0.00282474	0.0796015	-0.0537901	0	2.5490215201495956
dmr223620	chr11	65791784	65792030	+	20294	143448	.	chr11	65935478	65935478	0.0046013	0.0719718	0.0477208	0	2.3371194502611448
dmr223620	chr11	65791784	65792030	+	20294	145607	.	chr11	65937637	65937637	0.00276779	0.0799199	-0.0542428	0	2.557866864107253
dmr223620	chr11	65791784	65792030	+	20294	145931	.	chr11	65937961	65937961	0.00560711	0.0688814	0.047282	0	2.251260923850782
dmr223620	chr11	65791784	65792030	+	20294	148843	.	chr11	65940873	65940873	0.00688449	0.0656751	0.0538629	0	2.162128226560219
dmr223620	chr11	65791784	65792030	+	20294	149452	.	chr11	65941482	65941482	0.000106271	0.130407	23.0943	0	3.9735852327322396
dmr223620	chr11	65791784	65792030	+	20294	149983	.	chr11	65942013	65942013	0.00296803	0.0788278	-0.0540779	0	2.527531713646174
dmr223620	chr11	65791784	65792030	+	20294	152016	.	chr11	65944046	65944046	0.00224885	0.0831655	-0.0551178	0	2.6480395113695345
dmr223620	chr11	65791784	65792030	+	20294	161963	.	chr11	65953993	65953993	0.00116463	0.0934364	1.4734	0	2.93381202698203
dmr223620	chr11	65791784	65792030	+	20294	164790	.	chr11	65956820	65956820	0.00287941	0.0793017	-0.0538341	0	2.540696491405378
dmr223620	chr11	65791784	65792030	+	20294	167800	.	chr11	65959830	65959830	0.0047447	0.071492	-0.0512311	0	2.323791242133095
dmr223620	chr11	65791784	65792030	+	20294	168298	.	chr11	65960328	65960328	0.00578302	0.0683987	-0.0533655	0	2.237845305729499
dmr223620	chr11	65791784	65792030	+	20294	170501	.	chr11	65962531	65962531	0.00348051	0.0763371	-0.0544835	0	2.458357114111617
dmr223620	chr11	65791784	65792030	+	20294	170502	.	chr11	65962532	65962532	0.00348051	0.0763371	-0.0544835	0	2.458357114111617
dmr223620	chr11	65791784	65792030	+	20294	170716	.	chr11	65962746	65962746	0.00411895	0.0737034	-0.0522582	0	2.3852134799192544
dmr223620	chr11	65791784	65792030	+	20294	171444	.	chr11	65963474	65963474	0.00500595	0.070654	-0.054586	0	2.30051349248899
dmr223620	chr11	65791784	65792030	+	20294	173150	.	chr11	65965180	65965180	0.00351004	0.076205	-0.0533945	0	2.4546879343375116
dmr223620	chr11	65791784	65792030	+	20294	173299	.	chr11	65965329	65965329	0.00168751	0.0876512	-0.0590233	0	2.7727536449076333
dmr223620	chr11	65791784	65792030	+	20294	173788	.	chr11	65965818	65965818	0.00179199	0.0867132	-0.0579066	0	2.7466644181989697
dmr223620	chr11	65791784	65792030	+	20294	175038	.	chr11	65967068	65967068	0.00419087	0.0734327	-0.0548965	0	2.377695810690446
dmr223620	chr11	65791784	65792030	+	20294	175673	.	chr11	65967703	65967703	0.00284963	0.0794643	-0.0551244	0	2.54521152574233
dmr223620	chr11	65791784	65792030	+	20294	176171	.	chr11	65968201	65968201	0.00268264	0.0804085	-0.0554982	0	2.5714376040718303
dmr223620	chr11	65791784	65792030	+	20294	178594	.	chr11	65970624	65970625	0.00123698	0.0924969	-0.0645964	0	2.9076373221654275
dmr223620	chr11	65791784	65792030	+	20294	180048	.	chr11	65972078	65972078	0.0072458	0.0648764	-0.0494703	0	2.1399136576179485
dmr223620	chr11	65791784	65792030	+	20294	180869	.	chr11	65972899	65972899	0.00467876	0.0717108	-0.0527959	0	2.3298692316509273
dmr223620	chr11	65791784	65792030	+	20294	182269	.	chr11	65974299	65974299	0.00693636	0.0655579	-0.0504292	0	2.158868374880721
dmr223620	chr11	65791784	65792030	+	20294	182362	.	chr11	65974392	65974392	0.00766278	0.0640031	-0.0500852	0	2.1156136429488024
dmr223620	chr11	65791784	65792030	+	20294	183337	.	chr11	65975367	65975367	0.00854756	0.0622982	-0.0492034	0	2.0681578419700974
dmr223620	chr11	65791784	65792030	+	20294	183432	.	chr11	65975462	65975462	0.00534977	0.0696157	-0.052282	0	2.2716648889840085
dmr223620	chr11	65791784	65792030	+	20294	183733	.	chr11	65975763	65975763	0.00390931	0.0745202	0.175767	0	2.4078998895699883
dmr223620	chr11	65791784	65792030	+	20294	184764	.	chr11	65976794	65976794	0.00380994	0.0749229	-0.0726805	0	2.4190818636614133
dmr223620	chr11	65791784	65792030	+	20294	184920	.	chr11	65976950	65976950	0.00818169	0.0629806	-0.0494477	0	2.0871569797190817
dmr223620	chr11	65791784	65792030	+	20294	188714	.	chr11	65980744	65980744	0.00759153	0.0641489	-0.0978589	0	2.11967068739912
dmr223620	chr11	65791784	65792030	+	20294	188744	.	chr11	65980774	65980774	0.00459796	0.0719832	-0.0758564	0	2.3374348111995884
dmr223620	chr11	65791784	65792030	+	20294	194560	.	chr11	65986590	65986590	0.00917337	0.0611964	-0.0481836	0	2.0374710892442143
dmr223620	chr11	65791784	65792030	+	20294	194561	.	chr11	65986591	65986591	0.00892751	0.06162	-0.0479096	0	2.049269654667257
dmr223620	chr11	65791784	65792030	+	20294	198376	.	chr11	65990406	65990410	0.00712003	0.0651498	-0.0493282	0	2.147518176474519
dmr223620	chr11	65791784	65792030	+	20294	200264	.	chr11	65992294	65992294	0.00368593	0.0754403	0.173437	0	2.4334529167844443
dmr223620	chr11	65791784	65792030	+	20294	201945	.	chr11	65993975	65993975	0.00763023	0.0640695	-0.0482764	0	2.1174623707967117
dmr223620	chr11	65791784	65792030	+	20294	203566	.	chr11	65995596	65995596	0.00748059	0.0643786	-0.0484938	0	2.1260641476382953
dmr223620	chr11	65791784	65792030	+	20294	204220	.	chr11	65996250	65996250	0.00356848	0.0759468	0.173807	0	2.447516732958889
dmr223620	chr11	65791784	65792030	+	20294	204629	.	chr11	65996659	65996659	0.00200238	0.0849793	-0.103905	0	2.6984535011610276
dmr223620	chr11	65791784	65792030	+	20294	204882	.	chr11	65996912	65996912	0.00966964	0.0603753	-0.046081	0	2.0145896943682726
dmr223620	chr11	65791784	65792030	+	20294	207001	.	chr11	65999031	65999031	0.00425645	0.0731899	0.165201	0	2.370952463846057
dmr223620	chr11	65791784	65792030	+	20294	216604	.	chr11	66008634	66008634	0.00316868	0.0778049	0.170863	0	2.499121617310604
dmr223620	chr11	65791784	65792030	+	20294	217390	.	chr11	66009420	66009420	0.00184244	0.0862796	-0.0809685	0	2.734606646260336
dmr223620	chr11	65791784	65792030	+	20294	221690	.	chr11	66013720	66013720	0.0013979	0.0905897	0.326729	0	2.8545238951150407
dmr223620	chr11	65791784	65792030	+	20294	221958	.	chr11	66013988	66013988	0.00173667	0.0872029	-0.0760868	0	2.760282697842278
dmr223620	chr11	65791784	65792030	+	20294	222589	.	chr11	66014619	66014619	0.000171771	0.123058	-0.107425	0	3.7650501560058234
dmr223620	chr11	65791784	65792030	+	20294	223135	.	chr11	66015165	66015165	0.00182286	0.0864464	0.180844	0	2.7392466849172927
dmr223620	chr11	65791784	65792030	+	20294	223269	.	chr11	66015299	66015299	0.00182286	0.0864464	0.180844	0	2.7392466849172927
dmr223620	chr11	65791784	65792030	+	20294	225323	.	chr11	66017353	66017353	0.00547974	0.0692405	0.153622	0	2.2612400472171013
dmr223620	chr11	65791784	65792030	+	20294	295250	.	chr11	66087280	66087281	0.00170834	0.0874596	66.2291	0	2.767425690187443
dmr223620	chr11	65791784	65792030	+	20294	383131	.	chr11	66175161	66175161	0.00153601	0.0891196	0.314458	0	2.8136059568756773
dmr223620	chr11	65791784	65792030	+	20294	388410	.	chr11	66180440	66180440	0.00862926	0.0621498	0.336495	0	2.0640264455010193
dmr223620	chr11	65791784	65792030	+	20294	388471	.	chr11	66180501	66180501	0.0015728	0.0887502	0.324396	0	2.8033264995119396
dmr223620	chr11	65791784	65792030	+	20294	391800	.	chr11	66183830	66183830	0.00264033	0.080657	0.331889	0	2.578341789712574
dmr223620	chr11	65791784	65792030	+	20294	397562	.	chr11	66189592	66189592	0.000448552	0.108261	113.886	0	3.348187202555268
dmr223620	chr11	65791784	65792030	+	20294	400790	.	chr11	66192820	66192820	0.00866254	0.0620898	0.216069	0	2.062354746984562
dmr223620	chr11	65791784	65792030	+	20294	401997	.	chr11	66194027	66194027	0.000606671	0.10358	1.41867	0	3.2170467646422245
dmr223620	chr11	65791784	65792030	+	20294	404653	.	chr11	66196683	66196683	0.000191945	0.121353	0.429324	0	3.716823196392066
dmr223620	chr11	65791784	65792030	+	20294	425824	.	chr11	66217854	66217854	0.00831357	0.0627312	0.12617	0	2.0802124421171087
dmr223620	chr11	65791784	65792030	+	20294	432343	.	chr11	66224373	66224373	0.00883709	0.0617787	158.904	0	2.0536907219778575
dmr223620	chr11	65791784	65792030	+	20294	468290	.	chr11	66260320	66260322	0.00980043	0.0601659	14.0546	0	2.008754868947266
dmr223620	chr11	65791784	65792030	+	20294	868001	.	chr11	66660031	66660031	0.00141524	0.0903973	0.195951	0	2.8491699051309944
dmr223620	chr11	65791784	65792030	+	20294	923613	.	chr11	66715643	66715643	0.00432548	0.0729384	26.0511	0	2.3639656917172314
dmr223620	chr11	65791784	65792030	+	20294	930287	.	chr11	66722317	66722317	0.00889866	0.0616704	179.57	0	2.0506753864360103
dmr223620	chr11	65791784	65792030	+	20294	939155	.	chr11	66731185	66731185	0.00350904	0.0762095	41.1873	0	2.454811681177508
